date,support,confidence,ADR,Drugs
0.798438884,12,92.3077,[Hypersensitivity],[ALCOHOL] [ACETYLSALICYLICACID100mg]
0.690283007,19,86.3636,[Posteriorreversibleencephalopathysyndrome],[ETOPOSIDE] [CICLOSPORIN]
0.661549906,10,83.3333,[Toxicitytovariousagents],[TEMAZEPAM] [DIAZEPAM]
0.623051645,11,91.6667,[Toxicitytovariousagents],[OXAZEPAM] [DIAZEPAM]
0.599064455,10,83.3333,[Toxicitytovariousagents] [Cardiacdisorder] [Substanceabuse],[SUBUTEX] [COCAINE]
0.590263552,12,63.1579,[Hyponatraemia],[HUMALOG] [ALLOPURINOL]
0.577434639,11,73.3333,[Acutekidneyinjury],[OMEPRAZOLE] [OLANZAPINE]
0.569537733,10,100,[Drugineffective],[FEXOFENADINE] [CICLOSPORIN]
0.52847827,13,100,[Death],[AZTREONAMLYSINE] [HYPERTONICSALINESOLUTION]
0.52778695,17,89.4737,[Pancreaticcarcinoma],[BYETTA] [VICTOZA]
0.520433268,10,100,[Pneumatosisintestinalis] [Productuseissue],[BUDESONIDE] [BUSULFAN]
0.519744017,10,90.9091,[Serotoninsyndrome],[VANCOMYCIN] [DIPHENHYDRAMINE]
0.511061672,11,64.7059,[Confusionalstate],[LORAZEPAM] [PARACETAMOL]
0.501396584,13,68.4211,[Drugabuse],[OXYCODONE] [METHADONE]
0.489225063,15,100,[Confusionalstate] [Fall] [Lossofconsciousness],[SINEMET] [NOVORAPID]
0.486502276,10,58.8235,[Hyponatraemia],[ALLOPURINOL] [SERTRALINE]
0.482914899,15,62.5,[Plateletcountdecreased],[LOXONIN] [RIBAVIRIN]
0.456149001,10,62.5,[Hepaticfailure],[MIRTAZAPINE] [CARBAMAZEPINE]
0.450154043,10,76.9231,[Urinaryincontinence] [Sexualdysfunction],[FLUOROURACIL] [AMLODIPINE]
0.444713042,16,76.1905,[Plateletcountdecreased],[PEGINTRON] [MUCOSTA]
0.436063449,11,61.1111,[Toxicitytovariousagents],[Paracetamol] [DIAZEPAM]
0.432115296,10,76.9231,[Psychoticdisorder],[DIAZEPAM] [ABILIFY]
0.426142937,42,85.7143,[Type2diabetesmellitus],[ATORVASTATINCALCIUM] [LIPITOR]
0.421909426,10,58.8235,[Plateletcountdecreased],[RIBAVIRIN] [URSO]
0.413633873,10,83.3333,[Pneumatosisintestinalis] [Productuseissue],[BUDESONIDE] [MYCOPHENOLATEMOFETIL]
0.411349462,12,46.1538,[Malaise],[LISINOPRIL] [PARACETAMOL]
0.410433606,81,67.5,[Diseaseprogression],[FLUOROURACIL] [AVASTIN]
0.404603609,10,83.3333,[Paraesthesia],[PREGABALIN] [SERTRALINE]
0.403843587,18,75,[Plateletcountdecreased],[RIBAVIRIN] [MUCOSTA]
0.402957218,11,73.3333,[Drugabuse],[TAVOR] [PAROXETINE]
0.380825169,37,88.0952,[Osteonecrosisofjaw],[XGEVA] [ZOMETA]
0.375497213,12,54.5455,[Pneumonia],[JANUVIA] [LISINOPRIL]
0.368400346,13,92.8571,[Substanceabuse],[ALCOHOL] [OXYCONTIN]
0.361666806,15,60,[Acutekidneyinjury],[COCODAMOL] [NAPROXEN]
0.359968702,10,71.4286,[Confusionalstate] [Dehydration] [Hyperpyrexia] [Hyperhidrosis] [Tremor] [Hypophagia] [Acidosis],[LACTULOSE] [DIAZEPAM]
0.351555653,14,41.1765,[Infusionrelatedreaction],[ACETAMINOPHEN] [METHYLPREDNISOLONE]
0.349911791,12,46.1538,[Psychoticdisorder],[DIAZEPAM] [OLANZAPINE]
0.345435566,10,47.619,[Psychoticdisorder],[LORAZEPAM] [DIAZEPAM]
0.34535976,12,50,[Whitebloodcellcountdecreased],[RIBAVIRIN] [MUCOSTA]
0.341849266,10,66.6667,[Drugabuse],[FLUOXETINE] [DIAZEPAM]
0.34048709,11,84.6154,[Vomiting],[XELODA] [DEXAMETHASONE]
0.34033569,12,80,[Pancreaticcarcinoma],[JANUVIA] [VICTOZA]
0.336261117,10,47.619,[Plateletcountdecreased] [Pyrexia],[PEGINTRON] [MUCOSTA]
0.331897531,12,80,[Death],[AZTREONAMLYSINE] [TOBI]
0.331165934,21,46.6667,[Kaposissarcoma],[METHYLPREDNISOLONE] [CICLOSPORIN]
0.328142521,16,94.1176,[Maternalexposurebeforepregnancy],[ENDOXANBAXTER] [LEUPRORELIN]
0.327854549,10,45.4545,[Acutekidneyinjury],[BISOPROLOL] [SPIRONOLACTONE]
0.31942669,27,96.4286,[Drugresistance],[LAMIVUDINE] [ENTECAVIR]
0.314775474,13,46.4286,[Intramedullaryrodinsertion] [Femurfracture],[FOSAMAX] [ALENDRONATESODIUM]
0.312416179,47,85.4545,[Death],[DOXORUBICIN] [CYCLOPHOSPHAMIDEFORINJECTIONUSP]
0.301200996,14,73.6842,[Toxicitytovariousagents],[IBUPROFEN] [DIAZEPAM]
0.299418879,77,93.9024,[Diseaseprogression],[AVASTIN] [LEUCOVORIN]
0.298361823,10,37.037,[Transientischaemicattack] [Cerebrovascularaccident],[LIPITOR] [CRESTOR]
0.292577078,10,41.6667,[Whitebloodcellcountdecreased],[LOXONIN] [RIBAVIRIN]
0.291588948,10,45.4545,[Acutekidneyinjury],[DIGOXIN] [LANSOPRAZOLE]
0.283649064,26,54.1667,[Offlabeluse],[SOFOSBUVIR] [SIMEPREVIR]
0.282532185,10,76.9231,[Femurfracture],[FOSAMAX] [BONIVA]
0.281992629,17,62.963,[Cysticfibrosis],[TOBIPODHALER] [TOBI]
0.279683695,11,45.8333,[Pyrexia],[RIBAVIRIN] [MUCOSTA]
0.279465081,10,100,[Druginteraction],[RITONAVIR] [DOCETAXEL]
0.279063801,14,56,[Myocardialinfarction],[PLAVIX] [ECOTRIN]
0.275856761,10,41.6667,[Dyspnoea],[VENTOLINHFA] [SPIRIVA]
0.275159101,319,94.9405,[Hyperprolactinaemia] [Gynaecomastia] [Abnormalweightgain],[INVEGA] [RISPERDAL]
0.275,12,100,[Femurfracture],[BONIVA] [ACTONEL]
0.27480814,15,48.3871,[Drugabuse],[ALPRAZOLAM] [OXYCODONE]
0.274796265,329,97.9167,[Gynaecomastia],[INVEGA] [RISPERDAL]
0.270436957,18,78.2609,[Type2diabetesmellitus],[LIPITOR] [MULTIVITAMINS]
0.270212069,12,75,[Cerebrovascularaccident],[AGGRENOX] [AVANDIA]
0.269812033,21,75,[Femurfracture],[FOSAMAX] [ALENDRONATESODIUM]
0.264115439,16,59.2593,[Conditionaggravated],[TOBIPODHALER] [TOBI]
0.26260959,23,79.3103,[Toxicitytovariousagents],[DULOXETINE] [DIAZEPAM]
0.261857671,12,70.5882,[Drugabuse],[PARACETAMOL] [METHADONE]
0.261756112,11,39.2857,[Drugineffective],[METHOTREXATE] [MYCOPHENOLATEMOFETIL]
0.261402026,10,52.6316,[Myocardialinfarction],[ASPIRIN] [DIANEALPD2WITHDEXTROSE]
0.259109271,11,52.381,[Pyrexia],[PEGINTRON] [MUCOSTA]
0.256409626,12,44.4444,[Drugabuse],[OXYCODONE] [DIAZEPAM]
0.253594548,294,87.5,[Galactorrhoea] [Hyperprolactinaemia] [Gynaecomastia] [Abnormalweightgain],[INVEGA] [RISPERDAL]
0.25298581,10,62.5,[Druginteraction],[METFORMIN] [DIAZEPAM]
0.250533083,11,28.9474,[Prematurebaby],[PANTOPRAZOLE] [CITALOPRAM]
0.248458007,11,39.2857,[Restlessness] [Agitationneonatal],[CITALOPRAM] [SEROQUEL]
0.246893383,10,26.3158,[Prematurebaby] [Feedingdisorderneonatal],[PANTOPRAZOLE] [CITALOPRAM]
0.246275096,14,63.6364,[Myalgia],[SIMVASTATIN] [CRESTOR]
0.246232715,56,45.5285,[Myocardialinfarction],[PLAVIX] [METOPROLOL]
0.243082786,11,31.4286,[Dyspnoea],[CLOPIDOGREL] [RAMIPRIL]
0.241906522,10,62.5,[Bradyphrenia] [Bradykinesia],[LASIX] [PAROXETINE]
0.241598336,12,57.1429,[Acutekidneyinjury],[LOSARTAN] [BENDROFLUMETHIAZIDE]
0.241195907,24,85.7143,[Drugresistance] [Genotypedrugresistancetest] [Viralinfection],[LAMIVUDINE] [ENTECAVIR]
0.240671474,10,100,[Drugabuse],[OXYCODONE] [DEXTROMETHORPHAN]
0.239502722,11,78.5714,[Toxicitytovariousagents],[CODEINE] [DULOXETINE]
0.237069186,15,55.5556,[Cysticfibrosis] [Conditionaggravated],[TOBIPODHALER] [TOBI]
0.231726864,11,91.6667,[Drugresistance],[ADEFOVIR] [LAMIVUDINE]
0.231320483,12,35.2941,[Sinusitis],[PRIVIGEN] [DIPHENHYDRAMINE]
0.226247279,10,83.3333,[Toxicitytovariousagents] [Cardiacdisorder] [Substanceabuse],[SUBUTEX] [DIAZEPAM]
0.22550587,14,77.7778,[Pancreaticcarcinoma],[JANUVIA] [BYETTA]
0.222147003,85,95.5056,[Diseaseprogression],[ELOXATIN] [AVASTIN]
0.2202998,12,70.5882,[Death],[AZTREONAMLYSINE] [PULMOZYME]
0.215449023,10,50,[Death],[NEULASTA] [DEXAMETHASONE]
0.213264168,18,29.5082,[Diseaseprogression],[OXALIPLATIN] [Bevacizumab]
0.209671306,15,44.1176,[Infusionrelatedreaction],[RITUXAN] [METHYLPREDNISOLONE]
0.207399043,11,47.8261,[Acutekidneyinjury],[SIMVASTATIN] [NAPROXEN]
0.202322553,77,82.7957,[Diseaseprogression],[FLUOROURACIL] [LEUCOVORIN]
0.202235948,12,57.1429,[Confusionalstate],[METFORMIN] [CLOZAPINE]
0.20012186,11,52.381,[Druginteraction],[METFORMIN] [CLOZAPINE]
0.199740276,11,100,[Drugreactionwitheosinophiliaandsystemicsymptoms],[LEVETIRACETAM] [DAPSONE]
0.197794456,46,50,[Myocardialinfarction],[PLAVIX] [TOPROLXL]
0.197711268,17,53.125,[Unevaluableevent],[THALOMID] [DEXAMETHASONE]
0.196093919,36,50,[Myocardialinfarction],[PLAVIX] [COREG]
0.195574757,11,91.6667,[Diseaserecurrence],[ENDOXAN1000MGPOUDREPOURSOLUTIONINJECTABLE] [Rituximab]
0.195563566,12,44.4444,[Drugabuse],[ALPRAZOLAM] [MORPHINE]
0.195290785,18,43.9024,[Drugineffective],[METHOTREXATE] [CICLOSPORIN]
0.193104743,17,36.9565,[Myocardialinfarction],[ASPIRIN] [AMIODARONE]
0.191959426,70,63.0631,[Myocardialinfarction],[PLAVIX] [NITROGLYCERIN]
0.188269967,49,49,[Plateletcountdecreased],[PEGINTRON] [SIMEPREVIR]
0.187973113,58,40.2778,[Myocardialinfarction],[PLAVIX] [LISINOPRIL]
0.187665472,21,41.1765,[Drugabuse],[OXYCODONE] [MORPHINE]
0.187469319,19,57.5758,[Foetalexposureduringpregnancy],[NICOTINE] [SUBOXONE]
0.185725371,11,42.3077,[Cardiacfailurecongestive],[HYDRALAZINE] [AVANDIA]
0.185253451,10,41.6667,[Plateletcountdecreased] [Pyrexia],[RIBAVIRIN] [MUCOSTA]
0.181431572,10,50,[Plateletcountdecreased],[LOXONIN] [PEGINTRON]
0.181170626,10,24.3902,[Acutekidneyinjury],[ATORVASTATIN] [LEVOTHYROXINE]
0.178074721,10,33.3333,[Toxicitytovariousagents],[CODEINE] [DIAZEPAM]
0.177770381,12,44.4444,[Drugabuse],[PERCOCET] [OXYCONTIN]
0.173906244,26,45.614,[Myocardialinfarction],[PLAVIX] [LOPRESSOR]
0.173775324,10,90.9091,[Drugabuse],[DELORAZEPAM] [MIRTAZAPINE]
0.173343234,10,83.3333,[Drugresistance] [Genotypedrugresistancetest] [Viralinfection],[ADEFOVIR] [LAMIVUDINE]
0.17277363,10,19.6078,[Renalfailure],[FOLICACID] [SIMVASTATIN]
0.172347368,86,33.3333,[Myocardialinfarction],[ASPIRIN] [METOPROLOL]
0.171447613,60,100,[Death],[ENDOXAN100MGPOUDREPOURSOLUTIONINJECTABLE] [TAMOXIFEN]
0.170442145,17,25.7576,[Acutekidneyinjury],[BISOPROLOL] [FUROSEMIDE]
0.168970896,10,20.8333,[Hypotension],[LASIX] [RAMIPRIL]
0.168727322,10,62.5,[Myalgia],[OMEPRAZOLE] [LOSARTANPOTASSIUM]
0.166912225,12,54.5455,[Drugabuse],[CODEINE] [OXYCODONE]
0.16555171,18,22.5,[Crohnsdisease],[REMICADE] [HUMIRA]
0.164865014,10,43.4783,[Myocardialinfarction],[PLAVIX] [ENALAPRIL]
0.164259982,11,33.3333,[Myocardialinfarction],[ASPIRIN] [METOPROLOLTARTRATE]
0.164067531,19,42.2222,[Impairedworkability],[ANDROGEL] [TESTIM]
0.163339353,10,100,[Offlabeluse] [Toxicanteriorsegmentsyndrome] [Circumstanceorinformationcapableofleadingtomedicationerror] [Intentionalproductuseissue],[BSS] [MOXEZA]
0.163311355,14,77.7778,[Type2diabetesmellitus],[FISHOIL] [LIPITOR]
0.16274349,10,37.037,[Drugdependence],[PERCOCET] [OXYCONTIN]
0.161011223,10,100,[Confusionalstate],[AMANTADINE] [ROTIGOTINE]
0.159628211,10,76.9231,[Substanceabuse],[OXYCONTIN] [HEROIN]
0.158000456,13,38.2353,[Drugabuse],[MORPHINE] [DIAZEPAM]
0.157133787,13,20.9677,[Crohnsdisease],[HUMIRA] [AZATHIOPRINE]
0.155011758,10,43.4783,[Febrileneutropenia],[Obinutuzumab] [Bendamustine]
0.152459868,11,18.0328,[Dysphagia],[SIMVASTATIN] [CITALOPRAM]
0.151738641,11,45.8333,[Dyspnoea],[ISOSORBIDEMONONITRATE] [SIMVASTATIN]
0.149951175,11,91.6667,[Substanceabuse],[OXYCONTIN] [MARIJUANA]
0.149877113,16,26.2295,[Cardiacfailurecongestive],[LASIX] [DIGOXIN]
0.149209129,10,71.4286,[Syncope] [Dermatitisexfoliative] [Swellingface] [Eyeswelling] [Rash],[SPIRIVA] [FLUTICASONE]
0.149002814,57,41.3043,[Anaemia],[RIBAVIRIN] [SIMEPREVIR]
0.147362938,25,45.4545,[Drugabuse],[OXYCODONE] [PARACETAMOL]
0.14688072,12,85.7143,[Lossofconsciousness],[SINEMETCR] [SINEMET]
0.142949784,185,33.1541,[Myocardialinfarction],[PLAVIX] [ASPIRIN]
0.142666122,12,92.3077,[Breastcancer],[XELODA] [LetrozoleUnknown]
0.141614446,19,95,[Drugresistance],[LAMIVUDINE] [Adefovir]
0.141279641,15,46.875,[Foetalexposureduringpregnancy],[SUBUTEX] [SUBOXONE]
0.140953341,11,61.1111,[Drugabuse],[LASIX] [REQUIP]
0.139525613,11,44,[Conditionaggravated],[TOBIPODHALER] [PULMOZYME]
0.13941743,13,22.4138,[Cerebrovascularaccident],[NORVASC] [LISINOPRIL]
0.138949018,182,66.9118,[Offlabeluse],[OLYSIO] [SOVALDI]
0.138463696,25,33.7838,[Cardiacfailurecongestive],[LASIX] [COREG]
0.138076763,23,41.0714,[Cardiacfailurecongestive],[DIGOXIN] [AVANDIA]
0.138000681,10,25,[Dyspnoea],[SIMVASTATIN] [DOXAZOSIN]
0.136767319,89,37.2385,[Cardiacfailurecongestive],[LASIX] [AVANDIA]
0.136736232,15,83.3333,[Coronaryarterydisease],[Rosiglitazone] [AVANDIA]
0.136320198,11,31.4286,[Myocardialinfarction],[ASPIRIN] [CLONIDINE]
0.135958643,27,34.1772,[Diseaserecurrence],[PREDNISONE] [AZATHIOPRINE]
0.135943498,76,57.5758,[Myocardialinfarction],[COREG] [AVANDIA]
0.135928297,10,90.9091,[Lethargy],[VENTOLIN] [TIOTROPIUM]
0.135877974,10,76.9231,[Death],[Erlotinib] [AVASTIN]
0.135281001,63,43.1507,[Plateletcountdecreased],[RIBAVIRIN] [PEGINTRON]
0.13484267,24,36.3636,[Drugineffective],[PREDNISOLONE] [CICLOSPORIN]
0.134141753,16,35.5556,[Impairedworkability] [Economicproblem],[ANDROGEL] [TESTIM]
0.133686083,17,26.5625,[Myocardialinfarction],[LIPITOR] [LASIX]
0.133488781,57,42.2222,[Myocardialinfarction],[ASPIRIN] [TOPROLXL]
0.13303642,15,37.5,[Abdominalpain],[SIMVASTATIN] [DOXAZOSIN]
0.132729994,46,46.9388,[Secondaryimmunodeficiency],[PREDNISONE] [Rituximab]
0.132371429,14,58.3333,[Headache],[ISOSORBIDEMONONITRATE] [SIMVASTATIN]
0.131285882,11,55,[Anaemia],[RIBAVIRIN] [NEXIUM]
0.128925064,16,22.8571,[Pulmonaryembolism],[SIMVASTATIN] [GABAPENTIN]
0.127475514,10,31.25,[Toxicitytovariousagents],[THALOMID] [DEXAMETHASONE]
0.125807851,34,34,[Pyrexia],[PEGINTRON] [SIMEPREVIR]
0.12568778,27,24.7706,[Cardiacfailurecongestive],[LASIX] [LISINOPRIL]
0.125487791,12,23.5294,[Druginteraction],[FOLICACID] [SIMVASTATIN]
0.123324462,15,18.75,[Drugineffective],[REMICADE] [HUMIRA]
0.1231339,11,16.6667,[Internationalnormalisedratioincreased],[BISOPROLOL] [FUROSEMIDE]
0.123069047,20,100,[Blindness] [Toxicanteriorsegmentsyndrome],[TRYPANBLUE] [LIDOCAINE]
0.122302345,27,25.7143,[Pneumonia],[SPIRIVA] [ADVAIRHFA]
0.122119411,14,22.9508,[Myocardialinfarction],[LASIX] [DIGOXIN]
0.121652596,10,19.6078,[Neutropenia],[CISPLATIN] [CYCLOPHOSPHAMIDE]
0.121643745,97,28.1977,[Myocardialinfarction],[ASPIRIN] [LISINOPRIL]
0.120026031,12,15.5844,[Atrialfibrillation],[COUMADIN] [AVANDIA]
0.119138736,34,36.1702,[Anaemia],[RIBAVIRIN] [SOVRIAD]
0.119137504,16,80,[Diseaseprogression],[ELOXATIN] [XELODA]
0.118312118,14,63.6364,[Toxicitytovariousagents],[DULOXETINE] [QUETIAPINE]
0.117508482,83,51.875,[Myocardialinfarction],[ASPIRIN] [NITROGLYCERIN]
0.116850164,13,39.3939,[Foetalexposureduringpregnancy] [Drugwithdrawalsyndromeneonatal],[NICOTINE] [SUBOXONE]
0.116673692,17,19.7674,[Drugineffective],[ENBREL] [HUMIRA]
0.116120377,15,39.4737,[Myocardialinfarction],[PLAVIX] [IMDUR]
0.11594958,24,24,[Neutrophilcountdecreased],[PEGINTRON] [SIMEPREVIR]
0.115461399,14,24.1379,[Pneumonia],[ALBUTEROL] [SPIRIVA]
0.114984105,12,21.4286,[Malignantneoplasmprogression],[IRINOTECAN] [FOLINICACID]
0.114822311,57,41.3043,[Plateletcountdecreased],[RIBAVIRIN] [SIMEPREVIR]
0.114657957,11,17.1875,[Hypotension],[AMLODIPINE] [ATENOLOL]
0.114576833,14,60.8696,[Myocardialinfarction],[METOPROLOLTARTRATE] [AVANDIA]
0.114314465,12,54.5455,[Myocardialinfarction],[ISOSORBIDEMONONITRATE] [AVANDIA]
0.113898679,10,40,[Cysticfibrosis] [Conditionaggravated],[TOBIPODHALER] [PULMOZYME]
0.113762587,12,66.6667,[Myocardialinfarction],[Rosiglitazone] [AVANDIA]
0.111617308,14,31.1111,[Impairedworkability] [Pain] [Economicproblem],[ANDROGEL] [TESTIM]
0.111552141,10,17.5439,[Thromboticmicroangiopathy],[TACROLIMUS] [METHYLPREDNISOLONE]
0.111244415,12,60,[Myocardialinfarction],[LANOXIN] [AVANDIA]
0.110888458,11,27.5,[Vomiting],[SIMVASTATIN] [DOXAZOSIN]
0.110863418,46,22.7723,[Cardiacfailurecongestive],[ASPIRIN] [LASIX]
0.110759173,12,31.5789,[Anaemia],[PEGASYS] [REBETOL]
0.110540149,10,16.9492,[Druginteraction],[DIGOXIN] [WARFARIN]
0.109076334,10,16.6667,[Acutekidneyinjury],[FUROSEMIDE] [RAMIPRIL]
0.108200842,15,33.3333,[Impairedworkability] [Pain],[ANDROGEL] [TESTIM]
0.107437911,25,51.0204,[Myocardialinfarction],[METOPROLOL] [NITROGLYCERIN]
0.107405402,14,18.6667,[Cardiacfailurecongestive],[ASPIRIN] [COUMADIN]
0.107065824,10,22.2222,[Asthma],[ADVAIRHFA] [SINGULAIR]
0.10705065,10,19.6078,[Nausea],[PEGASYS] [SOVALDI]
0.106880949,27,61.3636,[Coronaryarterydisease],[ROSIGLITAZONEMALEATE] [AVANDIA]
0.106798416,52,35.6164,[Anaemia],[RIBAVIRIN] [PEGINTRON]
0.106390958,16,35.5556,[Cerebrovascularaccident],[ANDROGEL] [TESTIM]
0.105462123,17,85,[Drugresistance] [Genotypedrugresistancetest] [Viralinfection],[LAMIVUDINE] [Adefovir]
0.10533448,26,32.5,[Posteriorreversibleencephalopathysyndrome],[ETOPOSIDE] [DEXAMETHASONE]
0.105248596,20,29.8507,[Diseaseprogression],[OXALIPLATIN] [5FLUOROURACIL]
0.104941181,10,34.4828,[Asthma],[XOLAIR] [ADVAIRHFA]
0.104547796,10,66.6667,[Type2diabetesmellitus],[LIPITOR] [VITAMINC]
0.104315655,21,20,[Chronicobstructivepulmonarydisease],[SPIRIVA] [ADVAIRHFA]
0.104108582,27,27,[Myocardialinfarction],[ASPIRIN] [NORVASC]
0.10304121,11,68.75,[Toxicitytovariousagents],[ETOPOSIDE] [SORAFENIB]
0.102780992,41,31.0606,[Cardiacfailurecongestive],[COREG] [AVANDIA]
0.102730305,49,33.5616,[Pyrexia],[RIBAVIRIN] [PEGINTRON]
0.102723583,10,16.3934,[Unevaluableevent],[POMALYST] [DEXAMETHASONE]
0.102602452,41,43.617,[Plateletcountdecreased],[RIBAVIRIN] [SOVRIAD]
0.102353157,19,30.1587,[Myocardialinfarction],[PLAVIX] [NORVASC]
0.101371442,10,19.6078,[Fatigue],[PEGASYS] [SOVALDI]
0.101075359,11,24.4444,[Generalphysicalhealthdeterioration],[Bevacizumab] [CARBOPLATIN]
0.101061097,48,34.7826,[Whitebloodcellcountdecreased],[RIBAVIRIN] [SIMEPREVIR]
0.101055576,11,35.4839,[Rash],[RIBAVIRIN] [Telaprevir]
0.100005725,15,17.6471,[Neutropenia],[CYCLOPHOSPHAMIDE] [RITUXIMAB]
0.099604674,26,59.0909,[Cardiacfailurecongestive],[ROSIGLITAZONEMALEATE] [AVANDIA]
0.099423153,24,57.1429,[Myocardialinfarction],[AMIODARONE] [AVANDIA]
0.099228671,10,20.8333,[Death],[AVASTIN] [CARBOPLATIN]
0.099184496,18,52.9412,[Myocardialinfarction],[ZESTRIL] [AVANDIA]
0.098919569,37,17.2897,[Acutemyocardialinfarction],[METOPROLOL] [AVANDIA]
0.09857587,11,34.375,[Hyperkalaemia],[METFORMIN] [SPIRONOLACTONE]
0.097907779,12,19.3548,[Gastrointestinalhaemorrhage],[ASPIRIN] [PRADAXA]
0.097678374,22,14.7651,[Dizziness],[AMLODIPINE] [SIMVASTATIN]
0.096859766,12,23.0769,[Pneumonia],[ALBUTEROL] [ADVAIRHFA]
0.096740173,19,39.5833,[Acutekidneyinjury],[OMEPRAZOLE] [COCODAMOL]
0.096423511,16,23.8806,[Dyspnoea],[REVATIO] [TRACLEER]
0.096065412,18,26.8657,[Dyspnoea],[LETAIRIS] [LASIX]
0.095861055,10,27.027,[Dyspnoea],[LETAIRIS] [OXYGEN]
0.094957784,26,42.623,[Plateletcountdecreased],[PEGINTRON] [SOVRIAD]
0.094770804,12,24.4898,[Crohnsdisease],[HUMIRA] [IMURAN]
0.094345207,17,17,[Cerebrovascularaccident],[ASPIRIN] [HYDROCHLOROTHIAZIDE]
0.093908492,11,34.375,[Anaemia],[VICTRELIS] [REBETOL]
0.093427301,10,62.5,[Pericardialeffusion],[EPILIM] [KEPPRA]
0.092893686,13,32.5,[Cardiacfailurecongestive],[CLONIDINE] [AVANDIA]
0.092785141,39,26.7123,[Whitebloodcellcountdecreased],[RIBAVIRIN] [PEGINTRON]
0.09270885,11,11,[Drugreactionwitheosinophiliaandsystemicsymptoms],[OMEPRAZOLE] [LISINOPRIL]
0.092685763,11,68.75,[Agitation],[METFORMIN] [THYROXINE]
0.09227202,12,26.087,[Seizure],[LAMICTAL] [KEPPRA]
0.092162431,14,31.8182,[Seizure],[VIMPAT] [KEPPRA]
0.09165365,10,32.2581,[Toxicitytovariousagents],[PREDNISONE] [Melphalan]
0.091648759,11,61.1111,[Myocardialinfarction] [Coronaryarterydisease],[Rosiglitazone] [AVANDIA]
0.091543322,40,35.0877,[Myocardialinfarction],[ASPIRIN] [LOPRESSOR]
0.091432622,100,61.3497,[Diseaserecurrence],[5fluorouracil] [Epirubicin]
0.091268389,32,31.068,[Cerebrovascularaccident],[HYDROCHLOROTHIAZIDE] [AVANDIA]
0.089639329,17,43.5897,[Death],[SANDOSTATIN] [SANDOSTATINLARDEPOT]
0.089560559,13,15.2941,[HepatitisB],[PREDNISOLONE] [CYCLOPHOSPHAMIDE]
0.089384071,10,30.303,[Psychoticdisorder],[ABILIFYMAINTENA] [ABILIFY]
0.08812169,26,15.0289,[Acutemyocardialinfarction],[ASPIRIN] [CLOPIDOGREL]
0.088120476,11,16.6667,[Renalimpairment],[MYCOPHENOLATEMOFETIL] [CICLOSPORIN]
0.088068111,16,50,[Hereditaryangioedema],[FIRAZYR] [CINRYZE]
0.087787721,17,17,[Cardiacfailurecongestive],[ASPIRIN] [NORVASC]
0.087673912,15,38.4615,[Lossofconsciousness],[SIMVASTATIN] [PERINDOPRIL]
0.086382288,22,22,[Bloodbilirubinincreased],[PEGINTRON] [SIMEPREVIR]
0.086350535,10,12.8205,[Pancytopenia],[VINCRISTINE] [METHOTREXATE]
0.086346365,16,15.8416,[Cerebrovascularaccident],[HYDROCHLOROTHIAZIDE] [LISINOPRIL]
0.086298837,10,16.3934,[Depression] [Dysphagia] [Neuropathyperipheral],[SIMVASTATIN] [CITALOPRAM]
0.086230554,33,35.1064,[Whitebloodcellcountdecreased],[RIBAVIRIN] [SOVRIAD]
0.086190506,16,28.5714,[Asthma],[XOLAIR] [SINGULAIR]
0.086072014,12,16,[Cerebrovascularaccident],[ASPIRIN] [COUMADIN]
0.085694835,109,50.9346,[Myocardialinfarction],[METOPROLOL] [AVANDIA]
0.085436324,14,15.9091,[Internationalnormalisedratioincreased],[FUROSEMIDE] [WARFARIN]
0.085344,20,21.2766,[Exposureduringpregnancy],[PREDNISOLONE] [AZATHIOPRINE]
0.085224077,22,50,[Myocardialinfarction],[ECOTRIN] [AVANDIA]
0.084983353,50,14.5349,[Cardiacfailurecongestive],[ASPIRIN] [LISINOPRIL]
0.084980063,11,12.3596,[Lossofconsciousness],[SIMVASTATIN] [FUROSEMIDE]
0.08490878,16,36.3636,[Myocardialinfarction] [Coronaryarterydisease],[ROSIGLITAZONEMALEATE] [AVANDIA]
0.084767412,17,26.5625,[Coronaryarterydisease],[IMDUR] [AVANDIA]
0.084263989,14,23.7288,[Myocardialinfarction],[ASPIRIN] [ZOCOR]
0.083968627,18,27.6923,[Cerebrovascularaccident],[ZOCOR] [AVANDIA]
0.083348075,11,30.5556,[Hyperkalaemia],[GLICLAZIDE] [ATORVASTATIN]
0.083249264,11,24.4444,[Pain] [Cerebrovascularaccident],[ANDROGEL] [TESTIM]
0.082755926,41,30.1471,[Cardiacfailurecongestive],[NORVASC] [AVANDIA]
0.082483167,13,15.1163,[Psoriasis],[ENBREL] [HUMIRA]
0.082455752,11,55,[Injury],[ANDROGEL] [DEPOTESTOSTERONE]
0.082179878,17,40.4762,[Toxicitytovariousagents],[Bortezomib] [DEXAMETHASONE]
0.081731282,34,75.5556,[Economicproblem],[ANDROGEL] [TESTIM]
0.081419939,39,21.7877,[Myocardialinfarction],[LISINOPRIL] [METOPROLOL]
0.080948852,12,60,[Economicproblem],[ANDROGEL] [DEPOTESTOSTERONE]
0.080918842,11,16.9231,[Death],[ACYCLOVIR] [DEXAMETHASONE]
0.080821231,18,34.6154,[Myocardialinfarction],[ASPIRIN] [IMDUR]
0.08041926,10,30.303,[Cardiacfailurecongestive],[COZAAR] [AVANDIA]
0.080219806,37,26.8116,[Pyrexia],[RIBAVIRIN] [SIMEPREVIR]
0.079757873,12,9.91736,[Myalgia],[METFORMIN] [OMEPRAZOLE]
0.079721093,31,31,[Whitebloodcellcountdecreased],[PEGINTRON] [SIMEPREVIR]
0.079484632,35,35,[Anaemia],[PEGINTRON] [SIMEPREVIR]
0.079011573,239,48.2828,[Myocardialinfarction],[PLAVIX] [AVANDIA]
0.078600186,31,25.8333,[Myocardialinfarction],[PLAVIX] [LASIX]
0.078408321,11,57.8947,[Myocardialinfarction],[LIPITOR] [NITROGLYCERIN]
0.078308017,11,18.6441,[Cerebrovascularaccident],[ASPIRIN] [ZOCOR]
0.077659348,51,23.7209,[Drugineffective],[RIBAVIRIN] [SOVALDI]
0.077380735,11,35.4839,[Offlabeluse],[SIMEPREVIR] [SOVALDI]
0.07732227,15,100,[Breastcancer],[LETROZOLEUNKNOWN] [XELODA]
0.076728306,12,26.6667,[Impairedworkability] [Anxiety],[ANDROGEL] [TESTIM]
0.07648802,10,11.236,[Fall],[SIMVASTATIN] [FUROSEMIDE]
0.075199703,12,52.1739,[Infusionrelatedreaction],[DIPHENHYDRAMINEHCL] [METHYLPREDNISOLONE]
0.074947606,15,35.7143,[Unevaluableevent],[Bortezomib] [DEXAMETHASONE]
0.074824185,68,13.7374,[Acutemyocardialinfarction],[PLAVIX] [AVANDIA]
0.074738934,93,49.4681,[Myocardialinfarction],[TOPROLXL] [AVANDIA]
0.074493558,89,16.2706,[Toxicitytovariousagents],[REVLIMID] [DEXAMETHASONE]
0.074457177,11,39.2857,[Anaemia],[RIBAVIRIN] [BOCEPREVIR]
0.07367584,17,13.2812,[Drugineffective],[METHOTREXATE] [PREDNISOLONE]
0.073101438,11,16.4179,[Fluidretention],[LETAIRIS] [LASIX]
0.073099892,12,20.6897,[Dyspnoea],[VELETRI] [COUMADIN]
0.073073407,30,53.5714,[Myocardialinfarction],[DIGOXIN] [AVANDIA]
0.072917328,22,27.5,[Diseaseprogression],[AVASTIN] [XELODA]
0.072666658,20,26.6667,[Anaemia],[PEGASYS] [INCIVO]
0.072075306,33,48.5294,[Myocardialinfarction],[ALTACE] [AVANDIA]
0.072073876,10,31.25,[Cardiacfailurecongestive],[CARVEDILOL] [AVANDIA]
0.071468106,10,13.3333,[Druginteraction],[PEGASYS] [INCIVO]
0.071186482,13,39.3939,[Bonemarrowfailure],[TOPOTECAN] [CARBOPLATIN]
0.071116042,10,22.2222,[Impairedworkability] [Injury] [Economicproblem],[ANDROGEL] [TESTIM]
0.071041546,21,35.5932,[Anaemia],[RIBAVIRIN] [TELAPREVIR]
0.070734006,11,16.6667,[Renalimpairment],[PREDNISOLONE] [CICLOSPORIN]
0.07072691,115,53.9906,[Myocardialinfarction],[NITROGLYCERIN] [AVANDIA]
0.070689755,33,22.6027,[Plateletcountdecreased] [Pyrexia],[RIBAVIRIN] [PEGINTRON]
0.070330424,10,11.3636,[Internationalnormalisedratioincreased] [Druginteraction],[FUROSEMIDE] [WARFARIN]
0.070152606,34,37.7778,[Infection],[DIANEALPD2PERITONEALDIALYSISSOLUTIONWITHDEXTROSE] [DIANEALPD2WITHDEXTROSE]
0.069959755,35,33.6538,[Cardiacfailurecongestive],[FUROSEMIDE] [AVANDIA]
0.069847777,21,46.6667,[Injury] [Economicproblem],[ANDROGEL] [TESTIM]
0.069478846,11,12.7907,[Pain],[ENBREL] [HUMIRA]
0.069309691,10,18.8679,[Acutekidneyinjury],[BISOPROLOL] [WARFARIN]
0.069185095,10,34.4828,[Diarrhoea],[VOTRIENT] [LISINOPRIL]
0.069180553,11,8.94309,[Hyponatraemia],[OMEPRAZOLE] [AMLODIPINE]
0.068581198,10,37.037,[Hyponatraemia],[CALCICHEWD3] [PARACETAMOL]
0.068405989,17,20.2381,[Myocardialinfarction],[LASIX] [METOPROLOL]
0.068398451,399,46.5578,[Myocardialinfarction],[ASPIRIN] [AVANDIA]
0.067979677,21,21,[Plateletcountdecreased] [Anaemia],[PEGINTRON] [SIMEPREVIR]
0.067557736,12,11.8812,[Acutekidneyinjury],[HYDROCHLOROTHIAZIDE] [LISINOPRIL]
0.067078444,16,13.1148,[Dyspnoea],[ASPIRIN] [BISOPROLOL]
0.066577683,35,22.1519,[Myocardialinfarction],[ASPIRIN] [ATENOLOL]
0.066428083,11,23.913,[Seizure],[TEGRETOL] [KEPPRA]
0.06640758,12,17.9104,[Druginteraction],[PEGASYS] [VICTRELIS]
0.06542314,20,13.8889,[Cerebrovascularaccident],[PLAVIX] [LISINOPRIL]
0.065195278,19,20.2128,[Pyrexia],[RIBAVIRIN] [SOVRIAD]
0.065115659,19,20.6522,[Coronaryarterydisease],[PLAVIX] [TOPROLXL]
0.065099218,19,17.9245,[Myocardialinfarction],[LISINOPRIL] [FUROSEMIDE]
0.064821213,11,19.6429,[Myocardialinfarction] [Cardiacfailurecongestive],[DIGOXIN] [AVANDIA]
0.064711555,47,33.0986,[Anaemia],[RIBAVIRIN] [PEGINTERFERONALFA2A]
0.064686111,19,12.3377,[Drugineffective],[HUMIRA] [PREDNISONE]
0.064371248,11,11.1111,[Hypotension],[AMLODIPINE] [FUROSEMIDE]
0.063616999,10,22.2222,[Impairedworkability] [Pain] [Anxiety] [Economicproblem],[ANDROGEL] [TESTIM]
0.063612888,13,18.8406,[Diarrhoea],[ONDANSETRON] [DEXAMETHASONE]
0.063420383,14,22.5806,[Bloodglucoseincreased],[NOVOLOG] [LANTUSSOLOSTAR]
0.063245748,53,10.7071,[Coronaryarterialstentinsertion],[PLAVIX] [AVANDIA]
0.063239377,27,18.4932,[Bloodbilirubinincreased],[RIBAVIRIN] [PEGINTRON]
0.062881525,31,22.4638,[Plateletcountdecreased] [Anaemia],[RIBAVIRIN] [SIMEPREVIR]
0.062728338,11,7.38255,[Dizziness] [Lossofconsciousness],[AMLODIPINE] [SIMVASTATIN]
0.062320388,29,53.7037,[Offlabeluse],[SOFOSBUVIR] [OLYSIO]
0.062146914,17,58.6207,[Myocardialinfarction],[ALDACTONE] [AVANDIA]
0.061997865,24,32.4324,[Myocardialinfarction],[LASIX] [COREG]
0.061717082,34,25,[Cerebrovascularaccident],[NORVASC] [AVANDIA]
0.061652876,11,44,[Productadhesionissue],[OXYCODONE] [FENTANYLTRANSDERMALSYSTEM]
0.061541278,10,14.7059,[Acutemyocardialinfarction],[ALTACE] [AVANDIA]
0.061377975,11,24.4444,[Economicproblem] [Cerebrovascularaccident],[ANDROGEL] [TESTIM]
0.061337704,17,12.5926,[Pulmonaryarterialhypertension],[REMODULIN] [TRACLEER]
0.061048285,24,16.4384,[Plateletcountdecreased] [Anaemia],[RIBAVIRIN] [PEGINTRON]
0.060952342,12,33.3333,[Headache],[REVATIO] [ORENITRAM]
0.060948049,12,37.5,[Toxicitytovariousagents],[bortezomib] [DEXAMETHASONE]
0.060840214,113,47.2803,[Myocardialinfarction],[LASIX] [AVANDIA]
0.060672892,47,55.9524,[Myocardialinfarction],[LIPITOR] [AVANDIA]
0.06064457,11,14.6667,[Thrombocytopenia],[PEGASYS] [INCIVO]
0.060606,16,72.7273,[Exposureduringpregnancy],[ALBUMINAR5] [CYTOGAM]
0.060600392,11,24.4444,[Impairedworkability] [Pain] [Anxiety],[ANDROGEL] [TESTIM]
0.060034277,21,12.3529,[Cardiacfailurecongestive],[ASPIRIN] [FUROSEMIDE]
0.059622835,10,10.101,[Chestpain],[BISOPROLOL] [ATORVASTATIN]
0.059588337,11,16.4179,[Rash],[PEGASYS] [VICTRELIS]
0.059226948,28,10.8527,[Acutemyocardialinfarction],[ASPIRIN] [METOPROLOL]
0.059003336,11,11,[Dizziness],[SIMVASTATIN] [LANSOPRAZOLE]
0.058908816,10,37.037,[Cardiacfailurecongestive],[WARFARIN] [AVANDIA]
0.058748953,28,20.2899,[Whitebloodcellcountdecreased] [Anaemia],[RIBAVIRIN] [SIMEPREVIR]
0.058721907,24,53.3333,[Injury],[ANDROGEL] [TESTIM]
0.05864834,64,11.7002,[Unevaluableevent],[REVLIMID] [DEXAMETHASONE]
0.058584546,10,30.303,[Myocardialinfarction],[LISINOPRIL] [LOPRESSOR]
0.058465031,12,15.3846,[Myalgia],[METFORMIN] [GLIMEPIRIDE]
0.05838584,12,27.2727,[Myocardialinfarction] [Cardiacfailurecongestive],[ROSIGLITAZONEMALEATE] [AVANDIA]
0.057895781,20,18.6916,[Foetalexposureduringpregnancy],[NORVIR] [TRUVADA]
0.057785385,10,10.6383,[Arthralgia],[OMEPRAZOLE] [HUMIRA]
0.057744104,11,45.8333,[Myocardialinfarction],[LOTREL] [AVANDIA]
0.057625239,10,34.4828,[Injury] [Emotionaldistress],[ANDRODERM] [ANDROGEL]
0.057585334,35,24.6479,[Whitebloodcellcountdecreased],[RIBAVIRIN] [PEGINTERFERONALFA2A]
0.057557935,43,12.6844,[Acutemyocardialinfarction],[LISINOPRIL] [AVANDIA]
0.057185515,12,11.7647,[Cardiacfailurecongestive],[ASPIRIN] [CARVEDILOL]
0.057180377,11,22,[Toxicitytovariousagents],[REVLIMID] [PREDNISONE]
0.056916092,11,37.931,[Emotionaldistress],[ANDRODERM] [ANDROGEL]
0.05675438,10,100,[Drugineffective] [Renalimpairment],[PREDNISOLONE] [DAPSONE]
0.056376449,16,57.1429,[Myocardialinfarction],[ENTERICCOATEDASPIRIN] [AVANDIA]
0.056066871,14,17.284,[Renalimpairment],[MYCOPHENOLATEMOFETIL] [PREDNISOLONE]
0.055779441,12,7.79221,[Rheumatoidarthritis],[HUMIRA] [PREDNISONE]
0.055767238,11,18.6441,[Diseaseprogression],[TAXOTERE] [HERCEPTIN]
0.055667495,10,9.80392,[Myalgia],[ASPIRIN] [LANSOPRAZOLE]
0.05557516,27,18.4932,[Neutrophilcountdecreased],[RIBAVIRIN] [PEGINTRON]
0.055499286,14,10,[Fluidretention],[REVATIO] [COUMADIN]
0.055432676,10,6.71141,[Dizziness] [Lossofconsciousness] [Hypotension],[AMLODIPINE] [SIMVASTATIN]
0.055393022,24,16.4384,[Malaise],[RIBAVIRIN] [PEGINTRON]
0.055363064,30,21.1268,[Myocardialinfarction],[ASPIRIN] [LIPITOR]
0.055172733,25,14.4509,[Thrombosisindevice],[ASPIRIN] [CLOPIDOGREL]
0.054962108,11,37.931,[Pain] [Anxiety],[ANDROGEL] [AXIRON]
0.054668875,25,18.1159,[Plateletcountdecreased] [Pyrexia],[RIBAVIRIN] [SIMEPREVIR]
0.054536717,35,20.5882,[Myocardialinfarction],[ASPIRIN] [FUROSEMIDE]
0.054519907,15,21.1268,[Myocardialinfarction],[ASPIRIN] [CRESTOR]
0.054470895,16,16,[Haemoglobindecreased],[PEGINTRON] [SIMEPREVIR]
0.054155162,97,11.3186,[Acutemyocardialinfarction],[ASPIRIN] [AVANDIA]
0.053917302,42,22.3404,[Coronaryarterydisease],[TOPROLXL] [AVANDIA]
0.053912663,12,41.3793,[Myocardialinfarction],[ANDRODERM] [ANDROGEL]
0.05387137,53,50.9615,[Myocardialinfarction],[FUROSEMIDE] [AVANDIA]
0.053728092,17,18.0851,[Whitebloodcellcountdecreased] [Anaemia],[RIBAVIRIN] [SOVRIAD]
0.053526247,12,7.79221,[Weightdecreased],[HUMIRA] [PREDNISONE]
0.053507555,16,25,[Cardiacfailurecongestive],[IMDUR] [AVANDIA]
0.053436451,12,23.5294,[Dyspnoea],[VENTOLIN] [ADVAIRDISKUS]
0.0531818,12,80,[Breastcancer] [Neoplasmprogression],[LETROZOLEUNKNOWN] [XELODA]
0.053115847,10,43.4783,[Myocardialinfarction],[TRICOR] [AVANDIA]
0.052754098,10,12.3457,[Drugineffective],[VENTOLIN] [ADVAIRHFA]
0.052736932,10,25,[Diseaseprogression],[AVASTIN] [OXALIPLATIN]
0.052553541,10,32.2581,[Neutropenia],[RIBAVIRIN] [Telaprevir]
0.052100597,10,8.26446,[Hyperkalaemia],[METFORMIN] [ATORVASTATIN]
0.05183031,20,48.7805,[Myocardialinfarction],[ENALAPRIL] [AVANDIA]
0.051750506,13,16.25,[Myocardialinfarction],[LIPITOR] [LISINOPRIL]
0.051330141,12,12,[Plateletcountdecreased] [Bloodbilirubinincreased],[PEGINTRON] [SIMEPREVIR]
0.050907817,19,13.7681,[Malaise],[RIBAVIRIN] [SIMEPREVIR]
0.050875585,14,14.8936,[Plateletcountdecreased] [Anaemia],[RIBAVIRIN] [SOVRIAD]
0.050725437,19,28.7879,[Whitebloodcellcountdecreased],[SOVRIAD] [PEGASYS]
0.050538685,10,19.2308,[Asthenia],[LASIX] [CARDIOASPIRIN]
0.050507281,13,8.55263,[Nausea],[ASPIRIN] [RAMIPRIL]
0.050326472,29,11.2403,[Coronaryarterydisease],[ASPIRIN] [METOPROLOL]
0.050230109,12,11.1111,[Acutekidneyinjury],[SIMVASTATIN] [RAMIPRIL]
0.0502185,11,7.38255,[Gaitdisturbance],[AMLODIPINE] [SIMVASTATIN]
0.050063294,10,32.2581,[Anaemia],[RIBAVIRIN] [Telaprevir]
0.0499223,10,15.625,[Acutemyocardialinfarction],[IMDUR] [AVANDIA]
0.049812614,10,33.3333,[Myocardialinfarction],[LIPITOR] [COREG]
0.049800155,20,22.9885,[Myocardialinfarction],[PLAVIX] [LIPITOR]
0.049718159,15,21.7391,[Death],[OXALIPLATIN] [CAPECITABINE]
0.049647394,23,34.8485,[Plateletcountdecreased],[SOVRIAD] [PEGASYS]
0.04950422,20,13.6986,[Whitebloodcellcountdecreased] [Anaemia],[RIBAVIRIN] [PEGINTRON]
0.049503231,17,18.0851,[Neutrophilcountdecreased],[RIBAVIRIN] [SOVRIAD]
0.049462543,22,10.2326,[HepatitisC],[RIBAVIRIN] [SOVALDI]
0.049369045,18,13.6364,[Myocardialinfarction] [Cardiacfailurecongestive],[COREG] [AVANDIA]
0.049096184,22,11.7021,[Acutemyocardialinfarction],[TOPROLXL] [AVANDIA]
0.049030451,12,48,[Myocardialinfarction],[VASOTEC] [AVANDIA]
0.048892144,22,15.942,[Rash],[RIBAVIRIN] [SIMEPREVIR]
0.048739378,10,16.3934,[Rash],[PEGINTRON] [SOVRIAD]
0.048686464,12,8.05369,[Paraesthesia],[AMLODIPINE] [SIMVASTATIN]
0.048678888,13,16.25,[Diarrhoea],[AVASTIN] [XELODA]
0.048313707,12,27.2727,[Renaltubularnecrosis],[SIMVASTATIN] [BENDROFLUMETHIAZIDE]
0.047998922,53,9.49821,[Acutemyocardialinfarction],[PLAVIX] [ASPIRIN]
0.047995268,26,18.8406,[Plateletcountdecreased] [Whitebloodcellcountdecreased],[RIBAVIRIN] [SIMEPREVIR]
0.047697687,15,100,[Toxicitytovariousagents],[METHOTREXATE] [OMEPRAZOLEMAGNESIUM]
0.047576049,15,8.10811,[Chestpain],[ASPIRIN] [ATORVASTATIN]
0.047338857,10,9.43396,[Angioedema],[OMEPRAZOLE] [PARACETAMOL]
0.04729473,11,17.7419,[Dyspnoea],[LETAIRIS] [FUROSEMIDE]
0.04714236,20,13.6986,[Pyrexia] [Whitebloodcellcountdecreased],[RIBAVIRIN] [PEGINTRON]
0.047061196,10,9.25926,[Fluidretention],[TRACLEER] [TYVASO]
0.047046124,14,100,[Drugreactionwitheosinophiliaandsystemicsymptoms],[AMLODIPINE] [DAPSONE]
0.046980608,13,10.9244,[Coronaryarterialstentinsertion],[ATENOLOL] [AVANDIA]
0.046866877,10,13.5135,[Cerebrovascularaccident],[LASIX] [COREG]
0.046674792,18,17.3077,[Bloodglucoseincreased],[METFORMIN] [LANTUS]
0.046653157,15,34.0909,[Coronaryarterydisease] [Cardiacfailurecongestive],[ROSIGLITAZONEMALEATE] [AVANDIA]
0.046644191,12,9.7561,[Fluidretention],[REMODULIN] [COUMADIN]
0.046480457,20,13.1579,[Acutemyocardialinfarction],[LOPRESSOR] [AVANDIA]
0.046247642,13,68.4211,[Type2diabetesmellitus],[LIPITOR] [ATORVASTATIN]
0.046043764,15,33.3333,[Pain] [Injury] [Economicproblem],[ANDROGEL] [TESTIM]
0.046017119,23,16.6667,[Neutrophilcountdecreased],[RIBAVIRIN] [SIMEPREVIR]
0.04601592,13,15.4762,[Cardiacfailurecongestive],[LASIX] [METOPROLOL]
0.045964255,21,27.2727,[Cerebrovascularaccident],[COUMADIN] [AVANDIA]
0.045604797,13,13,[Pyrexia] [Whitebloodcellcountdecreased],[PEGINTRON] [SIMEPREVIR]
0.045491813,10,14.2857,[Arthralgia],[ENBREL] [PREDNISONE]
0.045424229,30,12.1951,[Rheumatoidarthritis],[ENBREL] [METHOTREXATE]
0.045386324,17,17,[Whitebloodcellcountdecreased] [Anaemia],[PEGINTRON] [SIMEPREVIR]
0.045330375,11,25.5814,[Drugineffective],[ENBREL] [METHOTREXATESODIUM]
0.045262604,16,9.09091,[Arthralgia],[FOLICACID] [HUMIRA]
0.045244979,10,14.9254,[Death],[SILDENAFIL] [COUMADIN]
0.044964427,23,15.7534,[Rash],[RIBAVIRIN] [PEGINTRON]
0.0447942,21,72.4138,[Hypotension],[SIMVASTATIN] [DIPYRIDAMOLE]
0.044752694,10,66.6667,[Malignantneoplasmprogression] [Breastcancer],[LETROZOLEUNKNOWN] [XELODA]
0.044731122,21,27.2727,[Cardiacfailurecongestive],[COUMADIN] [AVANDIA]
0.044649575,10,62.5,[Myocardialinfarction],[SPIRONOLACTONE] [AVANDIA]
0.044635424,10,13.3333,[Neutropenia],[PEGASYS] [INCIVO]
0.044291808,23,51.1111,[Pain] [Economicproblem],[ANDROGEL] [TESTIM]
0.044228187,24,17.7778,[Dyspnoea],[REMODULIN] [TRACLEER]
0.044172664,10,10.101,[Dyspnoea],[IBUPROFEN] [PARACETAMOL]
0.044156119,12,13.9535,[Cardiacfailurecongestive],[LASIX] [NORVASC]
0.044111,16,17.0213,[Bloodbilirubinincreased],[RIBAVIRIN] [SOVRIAD]
0.044103835,15,39.4737,[Infection],[DIANEALPD2PERITONEALDIALYSISSOLUTIONWITHDEXTROSE] [EXTRANEAL]
0.044071571,35,14.6444,[Myocardialinfarction] [Cardiacfailurecongestive],[LASIX] [AVANDIA]
0.043704387,21,14.3836,[Haemoglobindecreased],[RIBAVIRIN] [PEGINTRON]
0.043596053,142,41.8879,[Myocardialinfarction],[LISINOPRIL] [AVANDIA]
0.043556678,16,11.2676,[Neutropenia],[ETOPOSIDE] [CYCLOPHOSPHAMIDE]
0.043461448,11,9.64912,[Fluidretention],[LETAIRIS] [SILDENAFIL]
0.043432773,13,12.8713,[Fatigue],[SOFOSBUVIR] [RIBAVIRIN]
0.043201419,32,9.30233,[Acutemyocardialinfarction],[ASPIRIN] [LISINOPRIL]
0.043128714,80,23.5988,[Cardiacfailurecongestive],[LISINOPRIL] [AVANDIA]
0.042930216,16,23.5294,[Cardiacfailurecongestive],[ALTACE] [AVANDIA]
0.042818184,14,28,[Cardiacfailurecongestive],[DIOVAN] [AVANDIA]
0.042519674,34,27.8689,[Headache],[LETAIRIS] [ORENITRAM]
0.042437484,37,10.7558,[Cerebrovascularaccident],[ASPIRIN] [LISINOPRIL]
0.042321805,10,12.3457,[Drugineffective],[MYCOPHENOLATEMOFETIL] [PREDNISOLONE]
0.042301622,13,8.72483,[Druginteraction],[AMLODIPINE] [SIMVASTATIN]
0.041992766,12,42.8571,[Myocardialinfarction],[ACCUPRIL] [AVANDIA]
0.041918541,20,13.6986,[Pyrexia] [Anaemia],[RIBAVIRIN] [PEGINTRON]
0.041915925,11,12.6437,[Liverdisorder],[FLUOROURACIL] [FOLINICACID]
0.041915761,17,17.8947,[Dyspnoea],[TYVASO] [COUMADIN]
0.041589485,24,17.1429,[Dyspnoea],[REVATIO] [COUMADIN]
0.041437356,10,10,[Haemoglobindecreased] [Plateletcountdecreased],[PEGINTRON] [SIMEPREVIR]
0.041404152,24,9.7561,[Pain],[ENBREL] [METHOTREXATE]
0.041393555,12,11.8812,[Headache],[SOFOSBUVIR] [RIBAVIRIN]
0.041358506,10,21.2766,[Death],[ASPIRIN] [TRACLEER]
0.041304461,22,28.9474,[Anaemia],[RIBAVIRIN] [PEGYLATEDINTERFERONNOS]
0.041189358,23,46,[Myocardialinfarction],[DIOVAN] [AVANDIA]
0.04106498,11,100,[Drugreactionwitheosinophiliaandsystemicsymptoms],[DAPSONE] [FUROSEMIDE]
0.041015363,11,12.3596,[Dizziness],[SIMVASTATIN] [FUROSEMIDE]
0.041012789,10,10,[Pruritus],[PEGINTRON] [SIMEPREVIR]
0.040955259,11,16.6667,[Drugineffective],[MYCOPHENOLATEMOFETIL] [CICLOSPORIN]
0.040855123,10,100,[Depression] [Dysphagia] [Neuropathyperipheral],[THYROID] [CITALOPRAM]
0.040766181,76,16.7401,[Cough],[LETAIRIS] [TYVASO]
0.040660464,14,14.8936,[Rash],[RIBAVIRIN] [SOVRIAD]
0.04065798,22,16.2963,[Cardiacfailurecongestive],[ASPIRIN] [TOPROLXL]
0.040564777,18,20.4545,[Rash],[RIBAVIRIN] [INCIVO]
0.040408289,10,12.0482,[Death],[Rituximab] [Vincristine]
0.040165054,19,13.7681,[Haemoglobindecreased],[RIBAVIRIN] [SIMEPREVIR]
0.040018992,11,34.375,[Cerebrovascularaccident],[AMLODIPINE] [AVANDIA]
0.040000926,52,43.6975,[Myocardialinfarction],[ATENOLOL] [AVANDIA]
0.039918163,15,51.7241,[Injury],[ANDRODERM] [ANDROGEL]
0.039802796,13,8.72483,[Hypotension],[AMLODIPINE] [SIMVASTATIN]
0.039760461,10,16.9492,[Rash],[INCIVEK] [PEGASYS]
0.039693196,11,15.942,[Diarrhoea],[OXALIPLATIN] [CAPECITABINE]
0.039628497,10,16.129,[Foetalexposureduringpregnancy],[TRUVADA] [PREZISTA]
0.039581072,11,8.0292,[Pyrexia],[PREDNISONE] [CYCLOPHOSPHAMIDE]
0.039497265,10,11.3636,[Myocardialinfarction],[FUROSEMIDE] [WARFARIN]
0.039425803,13,13.8298,[Malaise],[RIBAVIRIN] [SOVRIAD]
0.03933826,15,10.274,[Pyrexia] [Rash],[RIBAVIRIN] [PEGINTRON]
0.039113349,10,10,[Pyrexia] [Bloodbilirubinincreased],[PEGINTRON] [SIMEPREVIR]
0.039093504,16,16.6667,[Hypoglycaemia],[LANTUS] [NOVORAPID]
0.039043222,20,14.4928,[Plateletcountdecreased] [Whitebloodcellcountdecreased] [Anaemia],[RIBAVIRIN] [SIMEPREVIR]
0.038690105,13,16.25,[Druginteraction],[METFORMIN] [GLICLAZIDE]
0.038612368,17,18.0851,[Plateletcountdecreased] [Whitebloodcellcountdecreased],[RIBAVIRIN] [SOVRIAD]
0.038598602,10,90.9091,[Drugineffective] [Renalimpairment],[METHOTREXATE] [DAPSONE]
0.038379997,12,11.8812,[Nausea],[SOFOSBUVIR] [RIBAVIRIN]
0.038328267,12,6.81818,[Osteoarthritis],[FOLICACID] [HUMIRA]
0.038287569,14,9.58904,[Pruritus],[RIBAVIRIN] [PEGINTRON]
0.038265556,19,8.63636,[Pneumonia],[REMODULIN] [ADCIRCA]
0.03819315,16,11.5942,[Headache],[RIBAVIRIN] [SIMEPREVIR]
0.038134661,31,14.554,[Acutemyocardialinfarction],[NITROGLYCERIN] [AVANDIA]
0.038105738,10,16.129,[Foetalexposureduringpregnancy],[REYATAZ] [TRUVADA]
0.037931207,171,19.9533,[Coronaryarterydisease],[ASPIRIN] [AVANDIA]
0.037914664,17,27.8689,[Whitebloodcellcountdecreased],[PEGINTRON] [SOVRIAD]
0.037774423,10,21.2766,[Asthma],[XOLAIR] [SYMBICORT]
0.037647637,12,13.6364,[Dermatitis],[RIBAVIRIN] [INCIVO]
0.037630364,43,41.7476,[Myocardialinfarction],[HYDROCHLOROTHIAZIDE] [AVANDIA]
0.037310571,18,13.0435,[Pyrexia] [Whitebloodcellcountdecreased],[RIBAVIRIN] [SIMEPREVIR]
0.037164087,11,45.8333,[Vomiting] [Headache],[ISOSORBIDEMONONITRATE] [SIMVASTATIN]
0.037063627,16,21.0526,[Rash],[RIBAVIRIN] [PEGYLATEDINTERFERONNOS]
0.036773927,17,12.3188,[Pyrexia] [Anaemia],[RIBAVIRIN] [SIMEPREVIR]
0.036749682,18,17.3077,[Myocardialinfarction] [Cardiacfailurecongestive],[FUROSEMIDE] [AVANDIA]
0.036625216,17,11.6438,[Plateletcountdecreased] [Bloodbilirubinincreased],[RIBAVIRIN] [PEGINTRON]
0.036449983,10,10.2041,[Death],[PREDNISONE] [Rituximab]
0.036403448,11,11.7021,[Plateletcountdecreased] [Whitebloodcellcountdecreased] [Anaemia],[RIBAVIRIN] [SOVRIAD]
0.036251522,10,11.3636,[Abortionspontaneous],[NORVIR] [PREZISTA]
0.036044834,23,16.1972,[Plateletcountdecreased] [Whitebloodcellcountdecreased],[RIBAVIRIN] [PEGINTERFERONALFA2A]
0.035741478,31,11.7871,[Headache],[ADCIRCA] [TYVASO]
0.035692384,40,15.2091,[Cough],[ADCIRCA] [TYVASO]
0.035522487,11,10.2804,[Prematurebaby],[NORVIR] [TRUVADA]
0.035521581,11,7.14286,[Malaise],[HUMIRA] [PREDNISONE]
0.035506276,13,7.38636,[Fluidretention],[TRACLEER] [COUMADIN]
0.035489726,22,15.942,[Bloodbilirubinincreased],[RIBAVIRIN] [SIMEPREVIR]
0.035338579,13,16.25,[Death],[BORTEZOMIB] [DEXAMETHASONE]
0.035283977,15,68.1818,[Myocardialinfarction],[METFORMIN] [AVANDIA]
0.03520367,11,17.7419,[Dyspnoea],[REVATIO] [VELETRI]
0.035092567,18,11.6883,[Crohnsdisease],[HUMIRA] [PREDNISONE]
0.035027792,12,15.7895,[Myocardialinfarction],[FUROSEMIDE] [METOPROLOL]
0.034986524,12,18.1818,[Plateletcountdecreased] [Whitebloodcellcountdecreased],[SOVRIAD] [PEGASYS]
0.034828977,10,6.71141,[Fall],[AMLODIPINE] [SIMVASTATIN]
0.034806718,19,8.83721,[Drugineffective] [HepatitisC],[RIBAVIRIN] [SOVALDI]
0.034569807,11,16.6667,[Haemoglobindecreased],[SOVRIAD] [PEGASYS]
0.034565846,11,12.5,[Offlabeluse],[RIBAVIRIN] [INCIVO]
0.034472328,12,8.21918,[Insomnia],[RIBAVIRIN] [PEGINTRON]
0.034342618,18,9.94475,[Nausea],[REVATIO] [TYVASO]
0.03420114,12,7.79221,[Abdominalpain],[HUMIRA] [PREDNISONE]
0.03416955,13,11.0169,[Dyspnoea],[SPIRONOLACTONE] [FUROSEMIDE]
0.034149879,14,11.8644,[Acutekidneyinjury],[SPIRONOLACTONE] [FUROSEMIDE]
0.034133013,14,13.0841,[Peritonealdialysiscomplication],[DIANEALLOWCALCIUMPERITONEALDIALYSISSOLUTIONWITHDEXTROSE] [DIANEALWDEXTROSE25]
0.034108708,25,17.6056,[Plateletcountdecreased],[RIBAVIRIN] [PEGINTERFERONALFA2A]
0.034076748,13,39.3939,[Myocardialinfarction],[COZAAR] [AVANDIA]
0.033802315,19,10.9827,[Acutemyocardialinfarction] [Thrombosisindevice],[ASPIRIN] [CLOPIDOGREL]
0.033734788,12,9.44882,[Drugineffective],[REMICADE] [METHOTREXATE]
0.033658848,18,29.5082,[Anaemia],[PEGINTRON] [SOVRIAD]
0.033550516,24,10.0418,[Acutemyocardialinfarction],[LASIX] [AVANDIA]
0.03354159,12,9.09091,[Acutemyocardialinfarction],[COREG] [AVANDIA]
0.033539711,40,15.6863,[Dyspnoea],[LETAIRIS] [WARFARIN]
0.033518347,21,25,[Coronaryarterydisease],[AVANDARYL] [AVANDIA]
0.033447836,10,10.101,[Dizziness],[AMLODIPINE] [FUROSEMIDE]
0.033433697,16,40,[Myocardialinfarction],[CLONIDINE] [AVANDIA]
0.033381488,39,6.98925,[Coronaryarterialstentinsertion],[PLAVIX] [ASPIRIN]
0.033247678,19,9.13462,[Hypoglycaemia],[HUMALOG] [LANTUS]
0.033153019,10,5.88235,[Pneumonia],[ASPIRIN] [FUROSEMIDE]
0.033118194,68,20.059,[Cerebrovascularaccident],[LISINOPRIL] [AVANDIA]
0.033077258,14,31.1111,[Emotionaldistress],[ANDROGEL] [TESTIM]
0.033058635,35,17.2414,[Death],[SILDENAFIL] [TRACLEER]
0.033024572,12,6.81818,[HepatitisB],[DOXORUBICIN] [CYCLOPHOSPHAMIDE]
0.033006638,11,8.08824,[Coronaryarterialstentinsertion],[NORVASC] [AVANDIA]
0.032787222,13,19.1176,[Coronaryarterydisease],[ALTACE] [AVANDIA]
0.032740536,10,7.40741,[Pyrexia],[REMODULIN] [TRACLEER]
0.03268166,10,10.6383,[Pyrexia] [Whitebloodcellcountdecreased],[RIBAVIRIN] [SOVRIAD]
0.032619152,10,24.3902,[Cardiacfailurecongestive],[ENALAPRIL] [AVANDIA]
0.032585098,11,8.66142,[Toxicitytovariousagents],[ETOPOSIDE] [CISPLATIN]
0.032581944,17,11.6438,[Plateletcountdecreased] [Whitebloodcellcountdecreased],[RIBAVIRIN] [PEGINTRON]
0.032292142,12,9.02256,[Acutekidneyinjury],[OMEPRAZOLE] [FUROSEMIDE]
0.032255691,17,12.4088,[Neutropenia],[PREDNISONE] [CYCLOPHOSPHAMIDE]
0.032199721,13,6.84211,[Nausea],[OMEPRAZOLE] [ASPIRIN]
0.032111841,16,16,[Plateletcountdecreased] [Whitebloodcellcountdecreased],[PEGINTRON] [SIMEPREVIR]
0.032050616,24,12.766,[Myocardialinfarction] [Coronaryarterydisease],[TOPROLXL] [AVANDIA]
0.031966202,20,11.6959,[Neutropenia],[VINCRISTINE] [CYCLOPHOSPHAMIDE]
0.031876089,20,14.0845,[Whitebloodcellcountdecreased] [Anaemia],[RIBAVIRIN] [PEGINTERFERONALFA2A]
0.031776773,40,15.3846,[Dyspnoea],[LETAIRIS] [COUMADIN]
0.031752417,27,15.0838,[Pancytopenia],[COPEGUS] [PEGASYS]
0.031651269,26,10.5691,[Arthralgia],[ENBREL] [METHOTREXATE]
0.031619878,13,8.90411,[Plateletcountdecreased] [Pyrexia] [Whitebloodcellcountdecreased],[RIBAVIRIN] [PEGINTRON]
0.031455957,10,11.7647,[Neutropenia],[PREDNISOLONE] [CYCLOPHOSPHAMIDE]
0.031368451,15,9.86842,[Coronaryarterybypass],[LOPRESSOR] [AVANDIA]
0.031355983,10,11.4943,[Death],[FLUOROURACIL] [FOLINICACID]
0.031341484,30,19.7368,[Coronaryarterydisease],[LOPRESSOR] [AVANDIA]
0.031244647,12,14.8148,[Pneumonia],[VENTOLIN] [ADVAIRHFA]
0.031231066,15,8.28729,[Dizziness],[REVATIO] [TYVASO]
0.031165442,16,13.0081,[Myocardialinfarction],[LASIX] [COUMADIN]
0.031110939,27,12.6761,[Coronaryarterialstentinsertion],[NITROGLYCERIN] [AVANDIA]
0.03095534,15,21.7391,[Pyrexia],[Trametinib] [Dabrafenib]
0.030935849,32,21.4765,[Death],[Epirubicin] [DOCETAXEL]
0.030844256,11,8.14815,[Nausea],[REMODULIN] [TRACLEER]
0.030772434,18,7.79221,[Pain],[METHOTREXATE] [PREDNISONE]
0.030763781,11,14.6667,[Arthropathy],[METHOTREXATE] [ORENCIA]
0.030748969,15,15.9574,[Haemoglobindecreased],[RIBAVIRIN] [SOVRIAD]
0.030667926,12,9.44882,[Neutropenia],[ETOPOSIDE] [CISPLATIN]
0.030663118,14,6.19469,[Acutekidneyinjury],[OMEPRAZOLE] [SIMVASTATIN]
0.030620357,13,8.90411,[Pyrexia] [Whitebloodcellcountdecreased] [Anaemia],[RIBAVIRIN] [PEGINTRON]
0.030456867,14,7.44681,[Coronaryarterybypass],[TOPROLXL] [AVANDIA]
0.030441473,16,9.35673,[Febrileneutropenia],[VINCRISTINE] [CYCLOPHOSPHAMIDE]
0.030320315,12,54.5455,[Myocardialinfarction],[RAMIPRIL] [AVANDIA]
0.030285936,11,6.25,[Drugdoseomission],[TRACLEER] [COUMADIN]
0.030195319,13,8.90411,[Plateletcountdecreased] [Rash],[RIBAVIRIN] [PEGINTRON]
0.030195319,13,8.90411,[Haemoglobindecreased] [Plateletcountdecreased],[RIBAVIRIN] [PEGINTRON]
0.029799021,36,17.3913,[Dyspnoea],[REMODULIN] [REVATIO]
0.029713194,12,12.766,[Plateletcountdecreased] [Bloodbilirubinincreased],[RIBAVIRIN] [SOVRIAD]
0.029660724,16,10.9589,[Pyrexia] [Bloodbilirubinincreased],[RIBAVIRIN] [PEGINTRON]
0.029590943,12,14.8148,[Dyspnoea],[VENTOLIN] [ADVAIRHFA]
0.02954508,63,7.35122,[Coronaryarterialstentinsertion],[ASPIRIN] [AVANDIA]
0.029335006,16,7.27273,[Devicerelatedinfection],[REMODULIN] [ADCIRCA]
0.029152299,27,7.31707,[Arthralgia],[METHOTREXATE] [HUMIRA]
0.029054277,12,80,[Pancytopenia] [Toxicitytovariousagents],[METHOTREXATE] [OMEPRAZOLEMAGNESIUM]
0.029053383,10,17.2414,[Pneumonia],[ASPIRIN] [SPIRIVA]
0.028930056,61,11.1517,[Plasmacellmyeloma],[REVLIMID] [DEXAMETHASONE]
0.0289197,10,10,[Cerebrovascularaccident],[ASPIRIN] [COREG]
0.028904256,14,12.2807,[Cardiacfailurecongestive],[ASPIRIN] [LOPRESSOR]
0.0288754,16,12.1212,[Myocardialinfarction] [Coronaryarterydisease],[COREG] [AVANDIA]
0.028675008,18,16.6667,[Dyspnoea],[TRACLEER] [TYVASO]
0.028502001,10,15.625,[Cardiacfailurecongestive],[LIPITOR] [LASIX]
0.028476318,10,11.3636,[Chronicobstructivepulmonarydisease],[SPIRIVA] [SYMBICORT]
0.028420002,13,8.90411,[Plateletcountdecreased] [Pyrexia] [Anaemia],[RIBAVIRIN] [PEGINTRON]
0.028251938,11,19.6429,[Cerebrovascularaccident],[DIGOXIN] [AVANDIA]
0.027974365,16,8.74317,[Fatigue],[RIBAVIRIN] [PEGASYS]
0.027973497,10,7.24638,[Insomnia],[RIBAVIRIN] [SIMEPREVIR]
0.027922976,14,9.58904,[Plateletcountdecreased] [Pyrexia] [Bloodbilirubinincreased],[RIBAVIRIN] [PEGINTRON]
0.027768884,22,8.52713,[Cardiacfailurecongestive],[ASPIRIN] [METOPROLOL]
0.027639167,11,7.97101,[Plateletcountdecreased] [Rash],[RIBAVIRIN] [SIMEPREVIR]
0.027543075,10,50,[Pain],[ANDROGEL] [DEPOTESTOSTERONE]
0.027501384,10,7.40741,[Headache],[REMODULIN] [TRACLEER]
0.027458276,16,22.2222,[Headache],[ORENITRAM] [ADCIRCA]
0.027352253,10,34.4828,[Pain] [Anxiety],[ANDRODERM] [ANDROGEL]
0.027276173,12,5.02092,[Hypertension],[LASIX] [AVANDIA]
0.027217291,12,16.6667,[Nausea],[ORENITRAM] [ADCIRCA]
0.027202066,10,9.17431,[Cerebrovascularaccident],[LASIX] [LISINOPRIL]
0.027156007,11,9.01639,[Fatigue],[LETAIRIS] [ORENITRAM]
0.026935345,24,20.1681,[Coronaryarterydisease],[ATENOLOL] [AVANDIA]
0.026921692,11,37.931,[Myocardialinfarction],[ANDROGEL] [AXIRON]
0.026731593,10,9.61538,[Coronaryarterialstentinsertion],[FUROSEMIDE] [AVANDIA]
0.02671518,12,8.21918,[Decreasedappetite],[RIBAVIRIN] [PEGINTRON]
0.026675588,18,8.69565,[Pulmonaryarterialhypertension],[REMODULIN] [REVATIO]
0.026656677,12,8.69565,[Plateletcountdecreased] [Bloodbilirubinincreased],[RIBAVIRIN] [SIMEPREVIR]
0.026607328,11,8.14815,[Neutropenia],[FLUOROURACIL] [OXALIPLATIN]
0.026583753,18,7.05882,[Fluidretention],[LETAIRIS] [WARFARIN]
0.026564595,47,8.42294,[Cardiacfailurecongestive],[PLAVIX] [ASPIRIN]
0.026468439,21,39.6226,[Myocardialinfarction],[CLOPIDOGREL] [AVANDIA]
0.026412996,12,8.21918,[Plateletcountdecreased] [Malaise],[RIBAVIRIN] [PEGINTRON]
0.026163799,12,8.69565,[Haemoglobindecreased] [Plateletcountdecreased],[RIBAVIRIN] [SIMEPREVIR]
0.026128178,146,24.2123,[Coronaryarterydisease],[AVANDAMET] [AVANDIA]
0.026038487,15,51.7241,[Economicproblem],[ANDROGEL] [AXIRON]
0.025898102,12,6.70391,[Coronaryarterydisease],[LISINOPRIL] [METOPROLOL]
0.025865098,13,7.60234,[Pyrexia],[VINCRISTINE] [CYCLOPHOSPHAMIDE]
0.025831469,47,10.3524,[Headache],[LETAIRIS] [TYVASO]
0.025779864,10,15.1515,[Myalgia],[CLOPIDOGREL] [SIMVASTATIN]
0.0257322,12,41.3793,[Injury] [Economicproblem],[ANDRODERM] [ANDROGEL]
0.025706025,19,5.14905,[Osteoarthritis],[METHOTREXATE] [HUMIRA]
0.025679621,12,8.69565,[Plateletcountdecreased] [Pyrexia] [Whitebloodcellcountdecreased],[RIBAVIRIN] [SIMEPREVIR]
0.025523522,15,6.09756,[Mobilitydecreased],[ENBREL] [METHOTREXATE]
0.025467636,17,8.21256,[Diarrhoea],[REMODULIN] [REVATIO]
0.02544286,10,8.47458,[Diseaseprogression],[VINCRISTINE] [PREDNISONE]
0.025360328,21,9.76744,[Nausea],[RIBAVIRIN] [SOVALDI]
0.025329861,39,18.2243,[Coronaryarterydisease],[METOPROLOL] [AVANDIA]
0.025197634,21,17.2131,[Nausea],[LETAIRIS] [ORENITRAM]
0.0250681,23,18.8525,[Diarrhoea],[LETAIRIS] [ORENITRAM]
0.025043593,12,16.6667,[Diarrhoea],[ORENITRAM] [ADCIRCA]
0.024961653,14,6.36364,[Pyrexia],[REMODULIN] [ADCIRCA]
0.024938664,17,6.66667,[Unevaluableevent],[LETAIRIS] [WARFARIN]
0.024855005,12,8.69565,[Pyrexia] [Whitebloodcellcountdecreased] [Anaemia],[RIBAVIRIN] [SIMEPREVIR]
0.024814421,11,7.53425,[Anaemia] [Malaise],[RIBAVIRIN] [PEGINTRON]
0.024779069,10,7.04225,[Renalfailure],[ETOPOSIDE] [CYCLOPHOSPHAMIDE]
0.024722414,44,18.41,[Coronaryarterydisease],[LASIX] [AVANDIA]
0.024701928,11,25,[Pulmonaryoedema],[ROSIGLITAZONEMALEATE] [AVANDIA]
0.024660084,10,7.24638,[Decreasedappetite],[RIBAVIRIN] [SIMEPREVIR]
0.024637366,16,9.41176,[Coronaryarterydisease],[ASPIRIN] [FUROSEMIDE]
0.024635071,22,10.2326,[Fatigue],[RIBAVIRIN] [SOVALDI]
0.024549169,11,9.2437,[Acutemyocardialinfarction],[ATENOLOL] [AVANDIA]
0.024511655,19,5.9375,[Acutekidneyinjury],[ASPIRIN] [SIMVASTATIN]
0.024501916,14,7.95455,[Febrileneutropenia],[DOXORUBICIN] [CYCLOPHOSPHAMIDE]
0.024450656,10,22.7273,[Pleuraleffusion],[ROSIGLITAZONEMALEATE] [AVANDIA]
0.024399549,10,15.625,[Dyspnoea],[MACITENTAN] [ADCIRCA]
0.024252073,10,6.09756,[Myalgia],[ASPIRIN] [AMLODIPINE]
0.024244013,19,7.72358,[Drugineffective],[ENBREL] [METHOTREXATE]
0.024236218,16,7.92079,[Cerebrovascularaccident],[ASPIRIN] [LASIX]
0.024189851,11,7.97101,[Pruritus],[RIBAVIRIN] [SIMEPREVIR]
0.024039915,15,6.09756,[Arthropathy],[ENBREL] [METHOTREXATE]
0.023964812,15,7.24638,[Headache],[REMODULIN] [REVATIO]
0.023914752,10,7.04225,[Mucosalinflammation],[ETOPOSIDE] [CYCLOPHOSPHAMIDE]
0.023912521,13,15.4762,[Myocardialinfarction] [Coronaryarterydisease],[AVANDARYL] [AVANDIA]
0.02390074,85,17.1717,[Coronaryarterydisease],[PLAVIX] [AVANDIA]
0.023786649,12,6.38298,[Coronaryarterialstentinsertion],[TOPROLXL] [AVANDIA]
0.023758313,12,3.75,[Vomiting] [Abdominalpain],[ASPIRIN] [SIMVASTATIN]
0.023733336,10,5.84795,[Pneumonia],[VINCRISTINE] [CYCLOPHOSPHAMIDE]
0.023645721,12,14.2857,[Myocardialinfarction] [Cardiacfailurecongestive],[AVANDARYL] [AVANDIA]
0.023637002,98,16.5261,[Dyspnoea],[REVATIO] [LETAIRIS]
0.02363177,11,37.931,[Injury] [Economicproblem],[ANDROGEL] [AXIRON]
0.02354034,17,6.53846,[Pneumonia],[LETAIRIS] [COUMADIN]
0.023496299,11,7.74648,[Cerebrovascularaccident],[ASPIRIN] [LIPITOR]
0.023337744,13,15.4762,[Pancreatitis],[METFORMIN] [JANUVIA]
0.02321208,20,11.1732,[Pancytopenia] [Druginteraction],[COPEGUS] [PEGASYS]
0.023199078,13,44.8276,[Injury],[ANDROGEL] [AXIRON]
0.023194467,10,6.84932,[Plateletcountdecreased] [Whitebloodcellcountdecreased] [Anaemia],[RIBAVIRIN] [PEGINTRON]
0.023180989,17,5.3125,[Vomiting],[ASPIRIN] [SIMVASTATIN]
0.023166121,12,5.45455,[Syncope],[REMODULIN] [ADCIRCA]
0.023063072,15,10.5634,[Plateletcountdecreased] [Whitebloodcellcountdecreased] [Anaemia],[RIBAVIRIN] [PEGINTERFERONALFA2A]
0.023040385,12,8.69565,[Plateletcountdecreased] [Pyrexia] [Anaemia],[RIBAVIRIN] [SIMEPREVIR]
0.022891749,18,14.6341,[Dyspnoea],[REMODULIN] [COUMADIN]
0.022875609,10,7.24638,[Bloodbilirubinincreased] [Anaemia],[RIBAVIRIN] [SIMEPREVIR]
0.02281653,13,48.1481,[Myocardialinfarction],[WARFARIN] [AVANDIA]
0.022787613,10,10.6383,[Haemoglobindecreased] [Plateletcountdecreased],[RIBAVIRIN] [SOVRIAD]
0.022680363,13,5.43933,[Cerebrovascularaccident] [Cardiacfailurecongestive],[LASIX] [AVANDIA]
0.022671827,45,21.6346,[Bloodglucoseincreased],[HUMALOG] [LANTUS]
0.022575873,18,7.31707,[Paininextremity],[ENBREL] [METHOTREXATE]
0.022559472,10,4.1841,[Cardiomyopathy],[LASIX] [AVANDIA]
0.022480986,14,5.85774,[Coronaryarterybypass],[LASIX] [AVANDIA]
0.02246944,15,5.70342,[Vomiting],[ADCIRCA] [TYVASO]
0.022396834,20,23.8095,[Cerebrovascularaccident],[AVANDARYL] [AVANDIA]
0.022360581,11,7.97101,[Pyrexia] [Rash],[RIBAVIRIN] [SIMEPREVIR]
0.022236171,16,6.92641,[Rheumatoidarthritis],[METHOTREXATE] [PREDNISONE]
0.022171992,16,15.2381,[Dyspnoea],[SPIRIVA] [ADVAIRHFA]
0.02216734,10,7.24638,[Anaemia] [Malaise],[RIBAVIRIN] [SIMEPREVIR]
0.022097641,13,46.4286,[Myocardialinfarction],[SIMVASTATIN] [AVANDIA]
0.022090585,161,18.7865,[Cardiacfailurecongestive],[ASPIRIN] [AVANDIA]
0.022021701,10,3.125,[Dyspnoea] [Vomiting] [Headache],[ASPIRIN] [SIMVASTATIN]
0.021826967,15,7.21154,[Cerebrovascularaccident],[HUMALOG] [LANTUS]
0.02181298,22,50,[Myocardialinfarction],[ROSIGLITAZONEMALEATE] [AVANDIA]
0.021799243,12,37.5,[Myocardialinfarction],[CARVEDILOL] [AVANDIA]
0.02171715,11,14.4737,[Dyspnoea],[LETAIRIS] [VENTAVIS]
0.021675334,16,9.09091,[Neutropenia],[DOXORUBICIN] [CYCLOPHOSPHAMIDE]
0.021630125,23,8.45588,[Offlabeluse] [Drugineffective],[OLYSIO] [SOVALDI]
0.021561657,23,4.20475,[Plasmacellmyeloma] [Toxicitytovariousagents],[REVLIMID] [DEXAMETHASONE]
0.021522671,14,15.9091,[Dyspnoea],[SPIRIVA] [SYMBICORT]
0.021502525,13,9.48905,[Febrileneutropenia],[PREDNISONE] [CYCLOPHOSPHAMIDE]
0.021322424,16,7.44186,[Headache],[RIBAVIRIN] [SOVALDI]
0.021244376,38,20.2128,[Cardiacfailurecongestive],[TOPROLXL] [AVANDIA]
0.021217441,10,6.84932,[Pruritus] [Pyrexia],[RIBAVIRIN] [PEGINTRON]
0.021179882,12,5.60748,[Coronaryarterybypass],[METOPROLOL] [AVANDIA]
0.020986787,14,11.8644,[Neutropenia],[VINCRISTINE] [PREDNISONE]
0.020827419,11,4.86726,[Sepsis],[OMEPRAZOLE] [SIMVASTATIN]
0.020596894,10,18.8679,[Coronaryarterydisease],[CLOPIDOGREL] [AVANDIA]
0.020569719,10,7.24638,[Plateletcountdecreased] [Malaise],[RIBAVIRIN] [SIMEPREVIR]
0.020546092,25,11.6822,[Myocardialinfarction] [Coronaryarterydisease],[METOPROLOL] [AVANDIA]
0.020395561,11,4.47154,[Dyspnoea],[ENBREL] [METHOTREXATE]
0.02028149,10,22.7273,[Pulmonaryoedema] [Cardiacfailurecongestive],[ROSIGLITAZONEMALEATE] [AVANDIA]
0.020255487,12,9.83607,[Acutekidneyinjury],[ASPIRIN] [BISOPROLOL]
0.020208155,10,4.42478,[Drymouth],[OMEPRAZOLE] [SIMVASTATIN]
0.020180903,14,5.32319,[Headache] [Cough],[ADCIRCA] [TYVASO]
0.020163086,10,4.42478,[Hyponatraemia],[OMEPRAZOLE] [SIMVASTATIN]
0.020141645,57,16.8142,[Coronaryarterydisease],[LISINOPRIL] [AVANDIA]
0.020091262,23,12.7072,[Cough],[REVATIO] [TYVASO]
0.020017786,12,8.21918,[Nausea],[RIBAVIRIN] [PEGINTRON]
0.02001522,10,13.5135,[Foetalexposureduringpregnancy],[NORVIR] [REYATAZ]
0.019912394,11,7.97101,[Nausea],[RIBAVIRIN] [SIMEPREVIR]
0.01978265,14,10.2941,[Myocardialinfarction] [Cardiacfailurecongestive],[NORVASC] [AVANDIA]
0.019767555,10,5.78035,[Myalgia],[ASPIRIN] [CLOPIDOGREL]
0.019608284,14,7.65027,[Haemoglobindecreased],[RIBAVIRIN] [PEGASYS]
0.019546528,49,8.78136,[Cerebrovascularaccident],[PLAVIX] [ASPIRIN]
0.01950096,10,16.129,[Cardiacfailurecongestive],[LISINOPRIL] [COREG]
0.019446672,10,9.34579,[Myocardialinfarction],[DIANEALLOWCALCIUMPERITONEALDIALYSISSOLUTIONWITHDEXTROSE] [DIANEALWDEXTROSE25]
0.019386973,10,6.49351,[Pain],[HUMIRA] [PREDNISONE]
0.019310087,31,6.82819,[Dizziness],[LETAIRIS] [TYVASO]
0.019117583,11,8.14815,[Drugdoseomission],[REMODULIN] [TRACLEER]
0.019096329,10,38.4615,[Myocardialinfarction],[LOVENOX] [AVANDIA]
0.019005507,28,7.48663,[Diarrhoea],[REMODULIN] [LETAIRIS]
0.018939745,16,7.88177,[Pneumonia],[SILDENAFIL] [TRACLEER]
0.018848232,11,13.9241,[Pyrexia],[MEKINIST] [TAFINLAR]
0.018841425,23,35.3846,[Myocardialinfarction],[ZOCOR] [AVANDIA]
0.018829476,15,4.6875,[Headache],[ASPIRIN] [SIMVASTATIN]
0.01881033,13,12.8713,[Headache],[LETAIRIS] [ADEMPAS]
0.018805584,16,6.15385,[Fluidretention],[LETAIRIS] [COUMADIN]
0.018796991,19,5.9375,[Dyspnoea],[ASPIRIN] [SIMVASTATIN]
0.018673988,10,5.84795,[Posteriorreversibleencephalopathysyndrome],[VINCRISTINE] [CYCLOPHOSPHAMIDE]
0.018611618,12,5.30973,[Pneumonia],[OMEPRAZOLE] [SIMVASTATIN]
0.018600579,63,41.4474,[Myocardialinfarction],[LOPRESSOR] [AVANDIA]
0.018582821,28,7.58808,[Drugineffective],[METHOTREXATE] [HUMIRA]
0.018391553,13,7.26257,[Cardiacfailurecongestive],[LISINOPRIL] [METOPROLOL]
0.018270748,10,6.84932,[Neutrophilcountdecreased] [Plateletcountdecreased],[RIBAVIRIN] [PEGINTRON]
0.018263228,13,2.62626,[Coronaryarterydisease] [Hypertension],[PLAVIX] [AVANDIA]
0.018216316,10,4.65116,[Depression],[RIBAVIRIN] [SOVALDI]
0.018181073,18,6.61765,[Offlabeluse] [Drugineffective] [Productqualityissue],[OLYSIO] [SOVALDI]
0.018148454,40,18.7793,[Coronaryarterydisease],[NITROGLYCERIN] [AVANDIA]
0.018088522,11,4.47154,[Diarrhoea],[ENBREL] [METHOTREXATE]
0.018012759,12,7.05882,[Dyspnoea],[ASPIRIN] [FUROSEMIDE]
0.017975884,17,15.7407,[Death],[TRACLEER] [TYVASO]
0.01794313,13,9.15493,[Leukopenia],[RIBAVIRIN] [PEGINTERFERONALFA2A]
0.017914438,91,10.6184,[Myocardialinfarction] [Coronaryarterydisease],[ASPIRIN] [AVANDIA]
0.017864717,12,4.87805,[Peripheralswelling],[ENBREL] [METHOTREXATE]
0.017751986,10,3.80228,[Oropharyngealpain],[ADCIRCA] [TYVASO]
0.017730096,22,3.94265,[Myocardialinfarction] [Cardiacfailurecongestive],[PLAVIX] [ASPIRIN]
0.017715771,23,19.3277,[Cardiacfailurecongestive],[ATENOLOL] [AVANDIA]
0.017675477,11,17.4603,[Death],[REVLIMID] [ACYCLOVIR]
0.017513068,18,11.25,[Coronaryarterialstentinsertion],[ASPIRIN] [NITROGLYCERIN]
0.017487829,10,9.34579,[Fall],[DIANEALLOWCALCIUMPERITONEALDIALYSISSOLUTIONWITHDEXTROSE] [DIANEALWDEXTROSE25]
0.017440034,10,7.35294,[Acutemyocardialinfarction],[NORVASC] [AVANDIA]
0.017243892,10,3.84615,[Pulmonaryarterialhypertension],[LETAIRIS] [COUMADIN]
0.017173002,10,4.6729,[Chestpain],[METOPROLOL] [AVANDIA]
0.017093746,11,7.74648,[Neutropenia],[RIBAVIRIN] [PEGINTERFERONALFA2A]
0.016913009,12,4.87805,[Malaise],[ENBREL] [METHOTREXATE]
0.016911177,10,10,[Plateletcountdecreased] [Whitebloodcellcountdecreased] [Anaemia],[PEGINTRON] [SIMEPREVIR]
0.0168499,22,5.96206,[Rheumatoidarthritis],[METHOTREXATE] [HUMIRA]
0.016783907,16,35.5556,[Pain] [Injury],[ANDROGEL] [TESTIM]
0.016736934,11,20.7547,[Cardiacfailurecongestive],[CLOPIDOGREL] [AVANDIA]
0.016659053,10,6.84932,[Headache],[RIBAVIRIN] [PEGINTRON]
0.016572556,10,8.13008,[Cerebrovascularaccident],[PLAVIX] [METOPROLOL]
0.01652463,33,9.73451,[Myocardialinfarction] [Cardiacfailurecongestive],[LISINOPRIL] [AVANDIA]
0.016522203,11,4.47154,[Psoriaticarthropathy],[ENBREL] [METHOTREXATE]
0.016460706,12,3.25203,[Jointswelling],[METHOTREXATE] [HUMIRA]
0.016245653,10,4.65116,[Dizziness],[RIBAVIRIN] [SOVALDI]
0.015924318,13,5.62771,[Arthralgia],[METHOTREXATE] [PREDNISONE]
0.015839282,30,16.5746,[Dyspnoea],[REVATIO] [TYVASO]
0.015598255,14,6.73077,[Fall],[HUMALOG] [LANTUS]
0.015523491,12,5.76923,[Drugdoseomission],[HUMALOG] [LANTUS]
0.015429576,12,13.7931,[Dyspnoea],[REMODULIN] [WARFARIN]
0.015405328,15,8.37989,[Pruritus],[COPEGUS] [PEGASYS]
0.01538389,10,15.3846,[Coronaryarterydisease],[ZOCOR] [AVANDIA]
0.015379261,29,37.6623,[Myocardialinfarction],[COUMADIN] [AVANDIA]
0.015332694,50,10.101,[Myocardialinfarction] [Coronaryarterydisease],[PLAVIX] [AVANDIA]
0.015327556,15,4.42478,[Chestpain],[LISINOPRIL] [AVANDIA]
0.015256308,39,4.55076,[Coronaryarterybypass],[ASPIRIN] [AVANDIA]
0.015210993,11,4.47154,[Fatigue],[ENBREL] [METHOTREXATE]
0.015208132,11,5.28846,[Myocardialinfarction],[HUMALOG] [LANTUS]
0.015059142,22,5.88235,[Nausea],[REMODULIN] [LETAIRIS]
0.014996951,12,3.25203,[Gaitdisturbance],[METHOTREXATE] [HUMIRA]
0.014902645,13,12.8713,[Hypotension],[LETAIRIS] [ADEMPAS]
0.014901882,21,15.4412,[Coronaryarterydisease],[NORVASC] [AVANDIA]
0.014864693,34,5.73356,[Cough],[REVATIO] [LETAIRIS]
0.014763499,23,6.23306,[Pain],[METHOTREXATE] [HUMIRA]
0.014680655,17,20.2381,[Coronaryarterydisease],[LIPITOR] [AVANDIA]
0.014652309,12,4.87805,[Fall],[ENBREL] [METHOTREXATE]
0.014638676,17,12.782,[Dyspnoea],[ADCIRCA] [COUMADIN]
0.01448255,11,8.52713,[Drugineffective],[TACROLIMUS] [MYCOPHENOLATEMOFETIL]
0.014377275,11,4.60251,[Atrialfibrillation],[LASIX] [AVANDIA]
0.014365159,10,5.68182,[Fall],[TRACLEER] [COUMADIN]
0.014336034,10,5.78035,[Thrombosisindevice] [Productsubstitutionissue],[ASPIRIN] [CLOPIDOGREL]
0.014250818,10,4.06504,[Jointswelling],[ENBREL] [METHOTREXATE]
0.014168088,19,5.60472,[Coronaryarterialstentinsertion],[LISINOPRIL] [AVANDIA]
0.01412884,25,10.4603,[Myocardialinfarction] [Coronaryarterydisease],[LASIX] [AVANDIA]
0.013976768,12,5.7971,[Dizziness],[REMODULIN] [REVATIO]
0.013962754,10,4.06504,[Gaitdisturbance],[ENBREL] [METHOTREXATE]
0.013950727,11,16.9231,[Cardiacfailurecongestive],[ZOCOR] [AVANDIA]
0.013949059,10,4.85437,[Sepsis],[CYCLOPHOSPHAMIDE] [DEXAMETHASONE]
0.013932514,11,13.75,[Acutekidneyinjury],[METFORMIN] [GLICLAZIDE]
0.013893927,80,13.267,[Myocardialinfarction] [Coronaryarterydisease],[AVANDAMET] [AVANDIA]
0.013768344,56,7.45672,[Headache],[LETAIRIS] [ADCIRCA]
0.01368482,21,8.07692,[Death],[LETAIRIS] [COUMADIN]
0.013676156,15,5.76923,[Headache],[LETAIRIS] [COUMADIN]
0.013660251,11,4.47154,[Arthralgia] [Paininextremity],[ENBREL] [METHOTREXATE]
0.013565821,13,10.9244,[Myocardialinfarction] [Coronaryarterydisease],[ATENOLOL] [AVANDIA]
0.013524748,10,4.42478,[Fall],[OMEPRAZOLE] [SIMVASTATIN]
0.013520175,10,7.04225,[Bloodbilirubinincreased],[RIBAVIRIN] [PEGINTERFERONALFA2A]
0.013486901,30,3.50058,[Hypertension],[ASPIRIN] [AVANDIA]
0.013485857,10,7.04225,[Thrombocytopenia],[RIBAVIRIN] [PEGINTERFERONALFA2A]
0.013448257,12,3.75,[Hypotension],[ASPIRIN] [SIMVASTATIN]
0.013319834,15,5.70342,[Fatigue],[ADCIRCA] [TYVASO]
0.013265989,11,9.01639,[Headache] [Nausea],[LETAIRIS] [ORENITRAM]
0.0131728,18,17.4757,[Cardiacfailurecongestive],[HYDROCHLOROTHIAZIDE] [AVANDIA]
0.013170373,15,51.7241,[Economicproblem],[ANDRODERM] [ANDROGEL]
0.013073009,20,15.1515,[Coronaryarterydisease],[COREG] [AVANDIA]
0.012920236,16,7.27273,[Drugdoseomission],[REMODULIN] [ADCIRCA]
0.012893733,10,4.80769,[Drugadministrationerror],[HUMALOG] [LANTUS]
0.01289155,16,15.534,[Coronaryarterydisease],[HYDROCHLOROTHIAZIDE] [AVANDIA]
0.01280978,29,4.89039,[Fatigue],[REVATIO] [LETAIRIS]
0.012782073,21,11.4754,[Whitebloodcellcountdecreased],[RIBAVIRIN] [PEGASYS]
0.012748503,23,13.2948,[Myocardialinfarction],[ASPIRIN] [CLOPIDOGREL]
0.012745679,17,4.54545,[Vomiting],[REMODULIN] [LETAIRIS]
0.012592445,41,15.5894,[Dyspnoea],[ADCIRCA] [TYVASO]
0.0125875,10,5.52486,[Pulmonaryarterialhypertension],[REVATIO] [TYVASO]
0.012484535,19,3.83838,[Anginaunstable],[PLAVIX] [AVANDIA]
0.012472443,16,4.27807,[Syncope],[REMODULIN] [LETAIRIS]
0.012438708,27,60,[Pain],[ANDROGEL] [TESTIM]
0.01235161,23,10.7981,[Myocardialinfarction] [Coronaryarterydisease],[NITROGLYCERIN] [AVANDIA]
0.012330699,11,2.91005,[Osteoarthritis],[FOLICACID] [METHOTREXATE]
0.012250958,18,17.3077,[Coronaryarterydisease],[FUROSEMIDE] [AVANDIA]
0.012173805,20,11.3636,[Dyspnoea],[TRACLEER] [COUMADIN]
0.012125436,22,2.56709,[Myocardialinfarction] [Hypertension],[ASPIRIN] [AVANDIA]
0.01189155,10,2.94985,[Acutecoronarysyndrome],[LISINOPRIL] [AVANDIA]
0.011826121,23,6.14973,[Infusionsitepain],[REMODULIN] [LETAIRIS]
0.011772837,12,5.6338,[Anginapectoris],[NITROGLYCERIN] [AVANDIA]
0.011645366,11,4.47154,[Pneumonia],[ENBREL] [METHOTREXATE]
0.01148919,11,4.60251,[Myocardialischaemia],[LASIX] [AVANDIA]
0.011385226,12,5.7971,[Nausea],[REMODULIN] [REVATIO]
0.011260696,34,5.66667,[Peritonealdialysiscomplication],[DIANEALLOWCALCIUMPERITONEALDIALYSISSOLUTIONWITHDEXTROSE] [EXTRANEAL]
0.011203284,18,3.96476,[Nasopharyngitis],[LETAIRIS] [TYVASO]
0.011134905,11,8.94309,[Cardiacfailurecongestive],[LASIX] [COUMADIN]
0.011083977,10,6.57895,[Cerebrovascularaccident],[SIMVASTATIN] [LISINOPRIL]
0.010993026,13,2.62626,[Acutecoronarysyndrome],[PLAVIX] [AVANDIA]
0.010970549,11,8.14815,[Diarrhoea],[FLUOROURACIL] [OXALIPLATIN]
0.010942817,16,3.23232,[Hypertension],[PLAVIX] [AVANDIA]
0.010903628,10,5.52486,[Fatigue],[REVATIO] [TYVASO]
0.010895368,10,18.1818,[Dyspnoea],[VENTOLINHFA] [ADVAIRDISKUS]
0.010891231,11,4.86726,[Druginteraction],[OMEPRAZOLE] [SIMVASTATIN]
0.010857777,19,22.619,[Cardiacfailurecongestive],[AVANDARYL] [AVANDIA]
0.010793124,14,6.76328,[Drugdoseomission],[REMODULIN] [REVATIO]
0.01076589,10,4.42478,[Diarrhoea],[OMEPRAZOLE] [SIMVASTATIN]
0.010764283,12,5.7971,[Fluidretention],[REMODULIN] [REVATIO]
0.010736988,10,4.92611,[Syncope],[SILDENAFIL] [TRACLEER]
0.010473853,12,11.5385,[Myocardialinfarction] [Coronaryarterydisease],[FUROSEMIDE] [AVANDIA]
0.01045542,10,9.70874,[Myocardialinfarction] [Coronaryarterydisease],[HYDROCHLOROTHIAZIDE] [AVANDIA]
0.01043924,10,3.84615,[Nasalcongestion],[LETAIRIS] [COUMADIN]
0.010405315,23,6.78466,[Coronaryarterydisease] [Cardiacfailurecongestive],[LISINOPRIL] [AVANDIA]
0.010389762,10,26.3158,[Drugabuse],[CODEINE] [PARACETAMOL]
0.010206454,10,2.6738,[Paininextremity],[REMODULIN] [LETAIRIS]
0.010205119,25,4.16667,[Localisedinfection],[DIANEALLOWCALCIUMPERITONEALDIALYSISSOLUTIONWITHDEXTROSE] [EXTRANEAL]
0.010193191,14,5.69106,[Injectionsitepain],[ENBREL] [METHOTREXATE]
0.010046516,33,5.56492,[Dizziness],[REVATIO] [LETAIRIS]
0.01003677,10,22.2222,[Economicproblem] [Emotionaldistress],[ANDROGEL] [TESTIM]
0.009903382,11,2.22222,[Coronaryarterydisease] [Cerebrovascularaccident],[PLAVIX] [AVANDIA]
0.009763874,10,5.46448,[Malaise],[RIBAVIRIN] [PEGASYS]
0.009723851,11,5.28846,[Bloodglucosedecreased],[HUMALOG] [LANTUS]
0.009709536,12,3.25203,[Weightdecreased],[METHOTREXATE] [HUMIRA]
0.00968955,21,3.54132,[Syncope],[REVATIO] [LETAIRIS]
0.009681409,10,4.06504,[Injectionsiteerythema],[ENBREL] [METHOTREXATE]
0.009667931,10,3.80228,[Nasopharyngitis],[ADCIRCA] [TYVASO]
0.009667061,13,12.7451,[Myocardialinfarction],[ASPIRIN] [CARVEDILOL]
0.009648773,11,5.28846,[Drugineffective],[HUMALOG] [LANTUS]
0.009637519,11,8.66142,[Infusionrelatedreaction],[REMICADE] [METHOTREXATE]
0.00962246,10,1.82815,[Breastcancer],[REVLIMID] [DEXAMETHASONE]
0.009576267,10,13.8889,[Cardiacfailurecongestive],[PLAVIX] [COREG]
0.009540521,12,3.1746,[Abdominalpain],[FOLICACID] [METHOTREXATE]
0.009531601,39,6.57673,[Pneumonia],[REVATIO] [LETAIRIS]
0.009361402,13,5.09804,[Headache],[LETAIRIS] [WARFARIN]
0.009315406,10,5.68182,[Drugineffective],[FOLICACID] [HUMIRA]
0.009239887,16,8.93855,[Asthenia],[COPEGUS] [PEGASYS]
0.009201573,16,6.69456,[Coronaryarterydisease] [Cardiacfailurecongestive],[LASIX] [AVANDIA]
0.009180267,11,2.22222,[Myocardialinfarction] [Hypertension],[PLAVIX] [AVANDIA]
0.009064296,29,4.83333,[Cerebrovascularaccident],[DIANEALLOWCALCIUMPERITONEALDIALYSISSOLUTIONWITHDEXTROSE] [EXTRANEAL]
0.009054928,10,2.20264,[Sinusitis],[LETAIRIS] [TYVASO]
0.009023795,16,6.20155,[Cerebrovascularaccident],[ASPIRIN] [METOPROLOL]
0.008925202,12,2.19378,[Neutropenia] [Thrombocytopenia],[REVLIMID] [DEXAMETHASONE]
0.00886737,16,3.52423,[Hypotension],[LETAIRIS] [TYVASO]
0.008866041,11,5.41872,[Fluidretention],[SILDENAFIL] [TRACLEER]
0.008572442,12,3.25203,[Psoriasis],[METHOTREXATE] [HUMIRA]
0.008566624,11,10.8911,[Myocardialinfarction],[HYDROCHLOROTHIAZIDE] [LISINOPRIL]
0.00850648,21,5.61497,[Headache],[REMODULIN] [LETAIRIS]
0.008479272,10,11.9048,[Myocardialinfarction] [Coronaryarterydisease],[LIPITOR] [AVANDIA]
0.008456269,12,2.19378,[Toxicitytovariousagents] [Unevaluableevent],[REVLIMID] [DEXAMETHASONE]
0.008443447,10,5.58659,[Plateletcountdecreased] [Whitebloodcellcountdecreased],[COPEGUS] [PEGASYS]
0.00843302,15,4.06504,[Pyrexia],[METHOTREXATE] [HUMIRA]
0.008429763,19,4.18502,[Chestpain],[LETAIRIS] [TYVASO]
0.00837937,10,4.54545,[Infusionsitepain],[REMODULIN] [ADCIRCA]
0.008369925,10,4.6729,[Coronaryarterialstentinsertion],[METOPROLOL] [AVANDIA]
0.008353875,127,14.8191,[Cerebrovascularaccident],[ASPIRIN] [AVANDIA]
0.008184925,28,6.1674,[Nausea],[LETAIRIS] [TYVASO]
0.008145407,14,5.32319,[Dizziness],[ADCIRCA] [TYVASO]
0.008103217,20,3.37268,[Nasalcongestion],[REVATIO] [LETAIRIS]
0.008034282,17,3.43434,[Coronaryarterybypass],[PLAVIX] [AVANDIA]
0.008007465,43,31.6176,[Myocardialinfarction],[NORVASC] [AVANDIA]
0.00797595,13,5.09804,[Malaise],[LETAIRIS] [WARFARIN]
0.0078963,11,3.19767,[Chestpain],[ASPIRIN] [LISINOPRIL]
0.007855587,10,4.54545,[Hypotension],[REMODULIN] [ADCIRCA]
0.007850337,25,4.21585,[Unevaluableevent],[REVATIO] [LETAIRIS]
0.007834012,13,3.43915,[Pneumonia],[FOLICACID] [METHOTREXATE]
0.007794824,17,3.74449,[Diarrhoea],[LETAIRIS] [TYVASO]
0.00774922,26,40.625,[Myocardialinfarction],[IMDUR] [AVANDIA]
0.007588621,10,100,[Ejaculationfailure],[SIMVASTATIN] [PERMETHRIN]
0.007548133,12,3.53982,[Coronaryarterybypass],[LISINOPRIL] [AVANDIA]
0.007546947,18,4.7619,[Arthralgia],[FOLICACID] [METHOTREXATE]
0.007542866,16,3.23232,[Myocardialinfarction] [Cerebrovascularaccident],[PLAVIX] [AVANDIA]
0.007499411,14,16.6667,[Cardiacfailurecongestive],[LIPITOR] [AVANDIA]
0.007425092,14,1.63361,[Coronaryarterydisease] [Hypertension],[ASPIRIN] [AVANDIA]
0.007393231,16,4.27807,[Devicerelatedinfection],[REMODULIN] [LETAIRIS]
0.007375452,64,7.46791,[Myocardialinfarction] [Cardiacfailurecongestive],[ASPIRIN] [AVANDIA]
0.007351898,43,5.7257,[Cough],[LETAIRIS] [ADCIRCA]
0.00725679,23,5.06608,[Fatigue],[LETAIRIS] [TYVASO]
0.007252595,17,4.49735,[Rheumatoidarthritis],[FOLICACID] [METHOTREXATE]
0.007181637,39,6.5,[Myocardialinfarction],[DIANEALLOWCALCIUMPERITONEALDIALYSISSOLUTIONWITHDEXTROSE] [EXTRANEAL]
0.007122646,77,13.7993,[Gastrointestinalhaemorrhage],[PLAVIX] [ASPIRIN]
0.007032302,18,3,[Dyspnoea],[DIANEALLOWCALCIUMPERITONEALDIALYSISSOLUTIONWITHDEXTROSE] [EXTRANEAL]
0.007000316,15,4.0107,[Pyrexia],[REMODULIN] [LETAIRIS]
0.006951919,32,14.9533,[Cardiacfailurecongestive],[METOPROLOL] [AVANDIA]
0.006950991,14,9.21053,[Myocardialinfarction] [Coronaryarterydisease],[LOPRESSOR] [AVANDIA]
0.006870417,15,5.51471,[Bloodbilirubinincreased],[OLYSIO] [SOVALDI]
0.00685769,14,7.73481,[Headache],[REVATIO] [TYVASO]
0.006820004,11,4.04412,[Offlabeluse] [Nausea],[OLYSIO] [SOVALDI]
0.006807207,11,4.31373,[Cough],[LETAIRIS] [WARFARIN]
0.006719537,11,2.42291,[Oropharyngealpain],[LETAIRIS] [TYVASO]
0.006639538,11,3.24484,[Anginapectoris],[LISINOPRIL] [AVANDIA]
0.006623932,18,4.87805,[Crohnsdisease],[METHOTREXATE] [HUMIRA]
0.006616631,13,2.16667,[Cellulitis],[DIANEALLOWCALCIUMPERITONEALDIALYSISSOLUTIONWITHDEXTROSE] [EXTRANEAL]
0.006575528,10,10,[Myalgia],[SIMVASTATIN] [LANSOPRAZOLE]
0.006560484,26,3.03384,[Anginaunstable],[ASPIRIN] [AVANDIA]
0.006510624,13,6.31068,[Neutropenia],[CYCLOPHOSPHAMIDE] [DEXAMETHASONE]
0.006465397,10,2.20264,[Bronchitis],[LETAIRIS] [TYVASO]
0.006448765,12,1.40023,[Coronaryarterialstentinsertion] [Cardiacfailurecongestive],[ASPIRIN] [AVANDIA]
0.006423425,202,100,[Ovariancancer],[JOHNSONSBabyProducts] [ShowerToShowerTalcumProduct]
0.006423425,17,100,[Ovariancancer],[ShowertoShowerTalcumProduct] [JOHNSONSBabyProducts]
0.006390948,11,2.91005,[Arthropathy],[FOLICACID] [METHOTREXATE]
0.006390185,13,2.16667,[Conditionaggravated],[DIANEALLOWCALCIUMPERITONEALDIALYSISSOLUTIONWITHDEXTROSE] [EXTRANEAL]
0.006377868,27,4.5,[Cardiacdisorder],[DIANEALLOWCALCIUMPERITONEALDIALYSISSOLUTIONWITHDEXTROSE] [EXTRANEAL]
0.006337961,26,3.46205,[Nasopharyngitis],[LETAIRIS] [ADCIRCA]
0.006300273,142,23.5489,[Cardiacfailurecongestive],[AVANDAMET] [AVANDIA]
0.006253767,19,3.47349,[Pneumonia],[REVLIMID] [DEXAMETHASONE]
0.006224763,11,1.97133,[Coronaryarterybypass],[PLAVIX] [ASPIRIN]
0.006098268,21,4.62555,[Pneumonia],[LETAIRIS] [TYVASO]
0.006083786,32,5.33333,[Hypotension],[DIANEALLOWCALCIUMPERITONEALDIALYSISSOLUTIONWITHDEXTROSE] [EXTRANEAL]
0.005980427,10,2.0202,[Myocardialinfarction] [Anginaunstable],[PLAVIX] [AVANDIA]
0.005887099,15,7.28155,[Death],[CYCLOPHOSPHAMIDE] [DEXAMETHASONE]
0.005878377,31,5.14096,[Coronaryarterialstentinsertion],[AVANDAMET] [AVANDIA]
0.005875043,27,4.5,[Peritonitisbacterial],[DIANEALLOWCALCIUMPERITONEALDIALYSISSOLUTIONWITHDEXTROSE] [EXTRANEAL]
0.00587259,12,3.20856,[Oxygensaturationdecreased],[REMODULIN] [LETAIRIS]
0.005746283,13,12.6214,[Dyspnoea],[REVATIO] [WARFARIN]
0.00573336,11,5.85106,[Coronaryarterydisease] [Cardiacfailurecongestive],[TOPROLXL] [AVANDIA]
0.005725249,17,1.98366,[Acutecoronarysyndrome],[ASPIRIN] [AVANDIA]
0.005702268,27,7.9646,[Myocardialinfarction] [Coronaryarterydisease],[LISINOPRIL] [AVANDIA]
0.005657275,14,3.74332,[Unevaluableevent],[REMODULIN] [LETAIRIS]
0.005650567,11,1.85497,[Sinusitis],[REVATIO] [LETAIRIS]
0.005631548,19,3.15091,[Cardiacdisorder],[AVANDAMET] [AVANDIA]
0.005625432,12,2.15054,[Hypertension],[PLAVIX] [ASPIRIN]
0.005617593,10,1.68634,[Dyspnoea] [Cough],[REVATIO] [LETAIRIS]
0.005538857,18,2.10035,[Vasculargraft],[ASPIRIN] [AVANDIA]
0.005455115,14,2.55942,[Thrombocytopenia],[REVLIMID] [DEXAMETHASONE]
0.005398183,10,3.84615,[Unevaluableevent],[LETAIRIS] [COUMADIN]
0.005397542,18,17.8218,[Dyspnoea],[LETAIRIS] [ADEMPAS]
0.005372556,29,3.3839,[Chestpain],[ASPIRIN] [AVANDIA]
0.005277637,24,3.9801,[Coronaryarterybypass],[AVANDAMET] [AVANDIA]
0.005276383,13,13.9785,[Bloodglucoseincreased],[APIDRA] [LANTUS]
0.005230903,15,3.30396,[Headache] [Cough],[LETAIRIS] [TYVASO]
0.005221207,12,1.40023,[Myocardialinfarction] [Acutecoronarysyndrome],[ASPIRIN] [AVANDIA]
0.005167113,14,1.63361,[Myocardialinfarction] [Chestpain],[ASPIRIN] [AVANDIA]
0.005133999,42,6.96517,[Acutemyocardialinfarction],[AVANDAMET] [AVANDIA]
0.005099455,32,5.39629,[Headache],[REVATIO] [LETAIRIS]
0.005032127,29,4.89039,[Fluidretention],[REVATIO] [LETAIRIS]
0.004957598,10,2.6738,[Infusionsiteerythema],[REMODULIN] [LETAIRIS]
0.004942137,20,10.929,[Plateletcountdecreased],[RIBAVIRIN] [PEGASYS]
0.004884125,29,3.86152,[Unevaluableevent],[LETAIRIS] [ADCIRCA]
0.004857037,10,13.5135,[Death],[ASPIRIN] [REVLIMID]
0.004845165,11,1.83333,[Gangrene],[DIANEALLOWCALCIUMPERITONEALDIALYSISSOLUTIONWITHDEXTROSE] [EXTRANEAL]
0.004845165,11,1.83333,[Poorperipheralcirculation],[DIANEALLOWCALCIUMPERITONEALDIALYSISSOLUTIONWITHDEXTROSE] [EXTRANEAL]
0.004711243,28,4.64345,[Myocardialinfarction] [Coronaryarterydisease] [Cardiacfailurecongestive],[AVANDAMET] [AVANDIA]
0.004692952,11,1.83333,[Peritonealdialysiscomplication] [Peritonitis],[DIANEALLOWCALCIUMPERITONEALDIALYSISSOLUTIONWITHDEXTROSE] [EXTRANEAL]
0.004585191,10,31.25,[Myocardialinfarction],[AMLODIPINE] [AVANDIA]
0.004584014,10,1.66667,[Diarrhoea],[DIANEALLOWCALCIUMPERITONEALDIALYSISSOLUTIONWITHDEXTROSE] [EXTRANEAL]
0.004560476,23,2.68378,[Anginapectoris],[ASPIRIN] [AVANDIA]
0.004546927,25,4.14594,[Atrialfibrillation],[AVANDAMET] [AVANDIA]
0.004524112,12,5.45455,[Pulmonaryarterialhypertension],[REMODULIN] [ADCIRCA]
0.004486046,19,9.17874,[Myalgia],[METFORMIN] [SIMVASTATIN]
0.004454129,29,4.83333,[Peritonitis],[DIANEALLOWCALCIUMPERITONEALDIALYSISSOLUTIONWITHDEXTROSE] [EXTRANEAL]
0.00443887,14,3.0837,[Syncope],[LETAIRIS] [TYVASO]
0.004417427,11,2.98103,[Paininextremity],[METHOTREXATE] [HUMIRA]
0.004399691,16,1.86698,[Cardiomyopathy],[ASPIRIN] [AVANDIA]
0.004387723,20,12.5,[Dyspnoea],[ADCIRCA] [TRACLEER]
0.004365575,10,2.71003,[Vomiting],[METHOTREXATE] [HUMIRA]
0.004364481,31,4.12783,[Dizziness],[LETAIRIS] [ADCIRCA]
0.004348842,18,2.3968,[Asthenia],[LETAIRIS] [ADCIRCA]
0.004329359,20,3.31675,[Pleuraleffusion],[AVANDAMET] [AVANDIA]
0.004245966,22,3.64842,[Anginaunstable],[AVANDAMET] [AVANDIA]
0.004223681,14,2.32172,[Stentplacement],[AVANDAMET] [AVANDIA]
0.004194844,10,1.33156,[Insomnia],[LETAIRIS] [ADCIRCA]
0.00409756,15,5.70342,[Nausea],[ADCIRCA] [TYVASO]
0.004033823,11,1.28355,[Cardiomyopathy] [Myocardialinfarction],[ASPIRIN] [AVANDIA]
0.00396025,18,3.03541,[Nasopharyngitis],[REVATIO] [LETAIRIS]
0.003935711,10,3.80228,[Chestpain],[ADCIRCA] [TYVASO]
0.003846254,10,1.68634,[Dyspnoea] [Dizziness],[REVATIO] [LETAIRIS]
0.003742895,10,7.35294,[Myocardialinfarction] [Coronaryarterydisease],[NORVASC] [AVANDIA]
0.003711576,10,1.33156,[Sinusitis],[LETAIRIS] [ADCIRCA]
0.00368614,14,2.32172,[Myocardialinfarction] [Pleuraleffusion],[AVANDAMET] [AVANDIA]
0.003624732,15,2.48756,[Myocardialinfarction] [Anginaunstable],[AVANDAMET] [AVANDIA]
0.003514715,13,1.51692,[Myocardialinfarction] [Anginapectoris],[ASPIRIN] [AVANDIA]
0.00350732,24,3.9801,[Chestpain],[AVANDAMET] [AVANDIA]
0.003472441,21,3.5,[Sepsis],[DIANEALLOWCALCIUMPERITONEALDIALYSISSOLUTIONWITHDEXTROSE] [EXTRANEAL]
0.003452389,11,1.82421,[Myocardialinfarction] [Stentplacement],[AVANDAMET] [AVANDIA]
0.003401635,10,12.987,[Coronaryarterydisease],[COUMADIN] [AVANDIA]
0.00336254,13,2.3766,[Anaemia],[REVLIMID] [DEXAMETHASONE]
0.0033402,36,8.03571,[Cerebrovascularaccident],[SOLOSTAR] [LANTUSSOLOSTAR]
0.00333266,11,1.28355,[Myocardialinfarction] [Coronaryarterybypass],[ASPIRIN] [AVANDIA]
0.003322482,44,7.29685,[Coronaryarterydisease] [Cardiacfailurecongestive],[AVANDAMET] [AVANDIA]
0.003231735,11,1.85497,[Pyrexia],[REVATIO] [LETAIRIS]
0.003193688,27,3.59521,[Diarrhoea],[LETAIRIS] [ADCIRCA]
0.003192262,10,2.20264,[Throatirritation],[LETAIRIS] [TYVASO]
0.003189072,11,1.85497,[Dyspnoea] [Fatigue],[REVATIO] [LETAIRIS]
0.003171393,17,3.74449,[Pulmonaryarterialhypertension],[LETAIRIS] [TYVASO]
0.003164649,10,11.3636,[Foetalexposureduringpregnancy],[NORVIR] [PREZISTA]
0.003162012,10,5.46448,[Neutropenia],[RIBAVIRIN] [PEGASYS]
0.003143193,30,5,[Fall],[DIANEALLOWCALCIUMPERITONEALDIALYSISSOLUTIONWITHDEXTROSE] [EXTRANEAL]
0.003135623,12,2.42424,[Anginapectoris],[PLAVIX] [AVANDIA]
0.003110955,10,1.33156,[Palpitations],[LETAIRIS] [ADCIRCA]
0.003097395,15,2.5,[Vomiting],[DIANEALLOWCALCIUMPERITONEALDIALYSISSOLUTIONWITHDEXTROSE] [EXTRANEAL]
0.003082525,11,1.46471,[Bronchitis],[LETAIRIS] [ADCIRCA]
0.003050306,12,1.59787,[Peripheralswelling],[LETAIRIS] [ADCIRCA]
0.003041723,10,1.33156,[Feelingabnormal],[LETAIRIS] [ADCIRCA]
0.003030382,10,1.79211,[Asthenia],[PLAVIX] [ASPIRIN]
0.00302494,10,1.33156,[Epistaxis],[LETAIRIS] [ADCIRCA]
0.003021013,11,4.04412,[Asthenia],[OLYSIO] [SOVALDI]
0.003017225,12,1.99005,[Myocardialinfarction] [Ischaemiccardiomyopathy],[AVANDAMET] [AVANDIA]
0.003009822,14,3.74332,[Hypotension],[REMODULIN] [LETAIRIS]
0.002982021,14,2.82828,[Chestpain],[PLAVIX] [AVANDIA]
0.002966005,10,1.68634,[Chestdiscomfort],[REVATIO] [LETAIRIS]
0.002924178,11,1.83333,[Ultrafiltrationfailure],[DIANEALLOWCALCIUMPERITONEALDIALYSISSOLUTIONWITHDEXTROSE] [EXTRANEAL]
0.002910302,12,19.6721,[Death],[POMALYST] [DEXAMETHASONE]
0.002866411,15,2.48756,[Ischaemiccardiomyopathy],[AVANDAMET] [AVANDIA]
0.002859584,69,13.9394,[Cardiacfailurecongestive],[PLAVIX] [AVANDIA]
0.002835855,12,1.99005,[Ischaemiccardiomyopathy] [Coronaryarterydisease],[AVANDAMET] [AVANDIA]
0.002808729,13,1.51692,[Myocardialinfarction] [Anginaunstable],[ASPIRIN] [AVANDIA]
0.002788056,10,1.16686,[Chestpain] [Cardiacfailurecongestive],[ASPIRIN] [AVANDIA]
0.002736217,11,1.97133,[Gastrointestinalhaemorrhage] [Death],[PLAVIX] [ASPIRIN]
0.00271939,13,2.15589,[Myocardialinfarction] [Atrialfibrillation],[AVANDAMET] [AVANDIA]
0.002694825,75,16.7411,[Bloodglucoseincreased],[SOLOSTAR] [LANTUSSOLOSTAR]
0.002692328,52,11.6071,[Drugadministrationerror],[SOLOSTAR] [LANTUSSOLOSTAR]
0.00269125,10,1.16686,[Acutemyocardialinfarction] [Cardiacfailurecongestive],[ASPIRIN] [AVANDIA]
0.002673407,12,5.91133,[Pulmonaryarterialhypertension],[SILDENAFIL] [TRACLEER]
0.002660183,11,1.28355,[Coronaryarterydisease] [Cerebrovascularaccident],[ASPIRIN] [AVANDIA]
0.00265744,17,4.49735,[Drugineffective],[FOLICACID] [METHOTREXATE]
0.002614213,13,12.5,[Cerebrovascularaccident],[FUROSEMIDE] [AVANDIA]
0.002551198,22,2.92943,[Chestpain],[LETAIRIS] [ADCIRCA]
0.002546525,19,2.21704,[Cerebrovascularaccident] [Cardiacfailurecongestive],[ASPIRIN] [AVANDIA]
0.002543447,10,1.79211,[Atrialfibrillation],[PLAVIX] [ASPIRIN]
0.002506885,10,1.82815,[Renalfailure],[REVLIMID] [DEXAMETHASONE]
0.002499365,13,2.15589,[Coronaryarterydisease] [Pleuraleffusion],[AVANDAMET] [AVANDIA]
0.002478042,24,4,[Asthenia],[DIANEALLOWCALCIUMPERITONEALDIALYSISSOLUTIONWITHDEXTROSE] [EXTRANEAL]
0.002453587,13,6.91489,[Myocardialinfarction] [Cardiacfailurecongestive],[TOPROLXL] [AVANDIA]
0.002434555,11,2.01097,[Fatigue],[REVLIMID] [DEXAMETHASONE]
0.002400747,11,2.94118,[Devicedislocation],[REMODULIN] [LETAIRIS]
0.002390811,15,2.48756,[Cardiacfailurecongestive] [Atrialfibrillation],[AVANDAMET] [AVANDIA]
0.002288093,10,1.66667,[Unevaluableevent],[DIANEALLOWCALCIUMPERITONEALDIALYSISSOLUTIONWITHDEXTROSE] [EXTRANEAL]
0.002279375,67,11.1667,[Death],[DIANEALLOWCALCIUMPERITONEALDIALYSISSOLUTIONWITHDEXTROSE] [EXTRANEAL]
0.002257823,10,2.6738,[Pulmonaryhypertension],[REMODULIN] [LETAIRIS]
0.00223917,11,2.42291,[Headache] [Nausea],[LETAIRIS] [TYVASO]
0.002203463,22,2.92943,[Vomiting],[LETAIRIS] [ADCIRCA]
0.002198977,10,1.65837,[Myocardialinfarction] [Coronaryarterydisease] [Pleuraleffusion],[AVANDAMET] [AVANDIA]
0.002193903,16,2.6534,[Arteriosclerosiscoronaryartery],[AVANDAMET] [AVANDIA]
0.002184667,26,4.6595,[Cerebralhaemorrhage],[PLAVIX] [ASPIRIN]
0.002180265,14,2.50896,[Chestpain],[PLAVIX] [ASPIRIN]
0.002177482,11,2.42291,[Nasalcongestion],[LETAIRIS] [TYVASO]
0.0021716,16,2.66667,[Fluidoverload],[DIANEALLOWCALCIUMPERITONEALDIALYSISSOLUTIONWITHDEXTROSE] [EXTRANEAL]
0.002165326,70,14.1414,[Cerebrovascularaccident],[PLAVIX] [AVANDIA]
0.002051356,12,3.25203,[Malaise],[METHOTREXATE] [HUMIRA]
0.002021551,20,3.37268,[Pulmonaryarterialhypertension],[REVATIO] [LETAIRIS]
0.001989213,19,3.15091,[Anginapectoris],[AVANDAMET] [AVANDIA]
0.001954536,12,1.59787,[Devicerelatedinfection],[LETAIRIS] [ADCIRCA]
0.001918373,15,2.48756,[Pulmonaryoedema],[AVANDAMET] [AVANDIA]
0.001899595,11,1.82421,[Myocardialinfarction] [Arteriosclerosiscoronaryartery],[AVANDAMET] [AVANDIA]
0.001845468,11,1.82421,[Coronaryarterydisease] [Anginapectoris],[AVANDAMET] [AVANDIA]
0.001779823,11,1.82421,[Myocardialinfarction] [Pulmonaryoedema],[AVANDAMET] [AVANDIA]
0.001712424,14,2.36088,[Fall],[REVATIO] [LETAIRIS]
0.001704529,14,3.0837,[Unevaluableevent],[LETAIRIS] [TYVASO]
0.001675677,10,1.65837,[Ischaemiccardiomyopathy] [Cardiacfailurecongestive],[AVANDAMET] [AVANDIA]
0.001577322,17,3.79464,[Drugdoseomission],[SOLOSTAR] [LANTUSSOLOSTAR]
0.001570775,10,1.33156,[Headache] [Nausea],[LETAIRIS] [ADCIRCA]
0.001552755,19,23.75,[Type2diabetesmellitus],[LIPITOR] [LISINOPRIL]
0.001529254,18,3,[Cardiacarrest],[DIANEALLOWCALCIUMPERITONEALDIALYSISSOLUTIONWITHDEXTROSE] [EXTRANEAL]
0.00148457,16,3.57143,[Offlabeluse],[SOLOSTAR] [LANTUSSOLOSTAR]
0.001479299,11,2.98103,[Abdominalpain],[METHOTREXATE] [HUMIRA]
0.001440564,22,3.70995,[Nausea],[REVATIO] [LETAIRIS]
0.001420356,18,2.10035,[Myocardialinfarction] [Cerebrovascularaccident],[ASPIRIN] [AVANDIA]
0.00139177,15,3.34821,[Visualacuityreduced],[SOLOSTAR] [LANTUSSOLOSTAR]
0.001206266,13,2.90179,[Disability],[SOLOSTAR] [LANTUSSOLOSTAR]
0.001194279,12,5.60748,[Myocardialinfarction] [Cardiacfailurecongestive],[METOPROLOL] [AVANDIA]
0.00118107,20,2.33372,[Myocardialischaemia],[ASPIRIN] [AVANDIA]
0.001168453,14,7.82123,[Plateletcountdecreased],[COPEGUS] [PEGASYS]
0.001160234,10,1.65837,[Coronaryarterydisease] [Atrialfibrillation],[AVANDAMET] [AVANDIA]
0.001147811,24,5.35714,[Visualimpairment],[SOLOSTAR] [LANTUSSOLOSTAR]
0.001121576,56,9.2869,[Myocardialinfarction] [Cardiacfailurecongestive],[AVANDAMET] [AVANDIA]
0.001112356,12,8.05369,[Myalgia],[AMLODIPINE] [SIMVASTATIN]
0.001081251,14,2.32172,[Hypertension],[AVANDAMET] [AVANDIA]
0.001020615,11,2.45536,[Death],[SOLOSTAR] [LANTUSSOLOSTAR]
0.001020615,11,2.45536,[Conditionaggravated],[SOLOSTAR] [LANTUSSOLOSTAR]
9.97E-04,12,2.02361,[Cardiacfailurecongestive],[REVATIO] [LETAIRIS]
9.63E-04,22,4.91071,[Blindness],[SOLOSTAR] [LANTUSSOLOSTAR]
9.43E-04,10,1.16686,[Myocardialinfarction] [Arteriosclerosiscoronaryartery],[ASPIRIN] [AVANDIA]
9.16E-04,24,3.19574,[Oedemaperipheral],[LETAIRIS] [ADCIRCA]
8.02E-04,14,1.63361,[Arteriosclerosiscoronaryartery],[ASPIRIN] [AVANDIA]
7.81E-04,28,5.65657,[Myocardialinfarction] [Cardiacfailurecongestive],[PLAVIX] [AVANDIA]
7.77E-04,16,2.92505,[Neutropenia],[REVLIMID] [DEXAMETHASONE]
7.68E-04,10,1.33156,[Paininextremity],[LETAIRIS] [ADCIRCA]
5.81E-04,10,1.65837,[Pulmonaryoedema] [Cardiacfailurecongestive],[AVANDAMET] [AVANDIA]
5.74E-04,11,2.91005,[Fall],[FOLICACID] [METHOTREXATE]
4.73E-04,11,5,[Diarrhoea],[REMODULIN] [ADCIRCA]
4.68E-04,12,3.25203,[Fall],[METHOTREXATE] [HUMIRA]
4.63E-04,10,1.65837,[Acutecoronarysyndrome],[AVANDAMET] [AVANDIA]
4.26E-04,10,5.18135,[Plasmacellmyeloma],[VELCADE] [DEXAMETHASONE]
4.12E-04,16,3.57143,[Malaise],[SOLOSTAR] [LANTUSSOLOSTAR]
3.81E-04,10,11.9048,[Cerebrovascularaccident],[LIPITOR] [AVANDIA]
3.21E-04,15,3.34821,[Fall],[SOLOSTAR] [LANTUSSOLOSTAR]
2.72E-04,10,1.65837,[Vasculargraft],[AVANDAMET] [AVANDIA]
2.49E-04,15,8.37989,[Rash],[COPEGUS] [PEGASYS]
2.19E-04,11,1.46471,[Dyspnoea] [Fatigue],[LETAIRIS] [ADCIRCA]
1.32E-04,13,2.90179,[Pneumonia],[SOLOSTAR] [LANTUSSOLOSTAR]
1.32E-04,13,2.90179,[Surgery],[SOLOSTAR] [LANTUSSOLOSTAR]
9.27E-05,12,3.20856,[Fatigue],[REMODULIN] [LETAIRIS]
7.35E-05,18,3.03541,[Diarrhoea],[REVATIO] [LETAIRIS]
7.28E-05,10,1.65837,[Pleuraleffusion] [Cardiacfailurecongestive],[AVANDAMET] [AVANDIA]
2.09E-05,31,17.3184,[Anaemia],[COPEGUS] [PEGASYS]
1.15E-06,19,3.15091,[Myocardialischaemia],[AVANDAMET] [AVANDIA]
0,295,98.3333,[Acutekidneyinjury],[IOXITALAMATE] [CLORETODESDIOBAXTER]
-1.83E-05,16,4.27807,[Pulmonaryarterialhypertension],[REMODULIN] [LETAIRIS]
-6.74E-05,11,1.46471,[Pain],[LETAIRIS] [ADCIRCA]
-6.80E-05,10,2.0202,[Myocardialischaemia],[PLAVIX] [AVANDIA]
-8.47E-05,16,2.66667,[Dehydration],[DIANEALLOWCALCIUMPERITONEALDIALYSISSOLUTIONWITHDEXTROSE] [EXTRANEAL]
-9.82E-05,23,3.06258,[Nausea],[LETAIRIS] [ADCIRCA]
-1.03E-04,12,2.15054,[Injury],[PLAVIX] [ASPIRIN]
-1.03E-04,10,14.7059,[Cerebrovascularaccident],[ALTACE] [AVANDIA]
-1.29E-04,10,2.23214,[Bloodglucoseabnormal],[SOLOSTAR] [LANTUSSOLOSTAR]
-1.29E-04,10,2.23214,[Roadtrafficaccident],[SOLOSTAR] [LANTUSSOLOSTAR]
-2.48E-04,10,5.58659,[Cerebrovascularaccident],[LISINOPRIL] [METOPROLOL]
-2.75E-04,32,3.73396,[Coronaryarterydisease] [Cardiacfailurecongestive],[ASPIRIN] [AVANDIA]
-3.34E-04,10,5.58659,[Haemoglobindecreased],[COPEGUS] [PEGASYS]
-3.47E-04,19,4.24107,[Myocardialinfarction],[SOLOSTAR] [LANTUSSOLOSTAR]
-3.63E-04,16,2.13049,[Nasalcongestion],[LETAIRIS] [ADCIRCA]
-4.04E-04,10,1.66667,[Malaise],[DIANEALLOWCALCIUMPERITONEALDIALYSISSOLUTIONWITHDEXTROSE] [EXTRANEAL]
-4.62E-04,18,4.01786,[Hospitalisation],[SOLOSTAR] [LANTUSSOLOSTAR]
-5.11E-04,14,2.32172,[Cerebrovascularaccident] [Cardiacfailurecongestive],[AVANDAMET] [AVANDIA]
-5.78E-04,18,11.25,[Death],[ADCIRCA] [TRACLEER]
-5.91E-04,19,2.52996,[Pulmonaryarterialhypertension],[LETAIRIS] [ADCIRCA]
-7.21E-04,10,1.65837,[Cardiomyopathy],[AVANDAMET] [AVANDIA]
-7.40E-04,15,3.34821,[Glycosylatedhaemoglobinincreased],[SOLOSTAR] [LANTUSSOLOSTAR]
-7.78E-04,12,6.70391,[Thrombocytopenia],[COPEGUS] [PEGASYS]
-8.12E-04,11,2.01097,[Sepsis],[REVLIMID] [DEXAMETHASONE]
-8.55E-04,14,3.7037,[Pain],[FOLICACID] [METHOTREXATE]
-0.001045805,23,5.13393,[Bloodglucosedecreased],[SOLOSTAR] [LANTUSSOLOSTAR]
-0.001057432,10,1.66667,[Chestpain],[DIANEALLOWCALCIUMPERITONEALDIALYSISSOLUTIONWITHDEXTROSE] [EXTRANEAL]
-0.001091384,13,1.51692,[Myocardialinfarction] [Coronaryarterydisease] [Cardiacfailurecongestive],[ASPIRIN] [AVANDIA]
-0.001111572,11,2.45536,[Bloodglucoseincreased] [Bloodglucosedecreased],[SOLOSTAR] [LANTUSSOLOSTAR]
-0.001123278,20,2.66312,[Syncope],[LETAIRIS] [ADCIRCA]
-0.001145936,11,1.83333,[Hypertension],[DIANEALLOWCALCIUMPERITONEALDIALYSISSOLUTIONWITHDEXTROSE] [EXTRANEAL]
-0.001150294,16,4.27807,[Pneumonia],[REMODULIN] [LETAIRIS]
-0.001202178,12,1.59787,[Oedema],[LETAIRIS] [ADCIRCA]
-0.001321502,13,2.19224,[Chestpain],[REVATIO] [LETAIRIS]
-0.001408927,52,13.9037,[Dyspnoea],[REMODULIN] [LETAIRIS]
-0.001412677,16,3.23232,[Coronaryarterydisease] [Cardiacfailurecongestive],[PLAVIX] [AVANDIA]
-0.001443419,10,1.65837,[Cardiorespiratoryarrest],[AVANDAMET] [AVANDIA]
-0.00145489,11,1.46471,[Pyrexia],[LETAIRIS] [ADCIRCA]
-0.001455783,26,18.3099,[Type2diabetesmellitus],[ASPIRIN] [LIPITOR]
-0.001462521,10,10.989,[Dyspnoea],[ADCIRCA] [WARFARIN]
-0.001474282,11,4.18251,[Fluidretention],[ADCIRCA] [TYVASO]
-0.001523381,16,2.13049,[Hypotension],[LETAIRIS] [ADCIRCA]
-0.001527472,32,4.26099,[Fluidretention],[LETAIRIS] [ADCIRCA]
-0.001643153,10,1.16686,[Transientischaemicattack],[ASPIRIN] [AVANDIA]
-0.001659312,14,2.32172,[Myocardialinfarction] [Cerebrovascularaccident],[AVANDAMET] [AVANDIA]
-0.001673761,10,2.6455,[Nausea],[FOLICACID] [METHOTREXATE]
-0.00175618,11,1.83333,[Urinarytractinfection],[DIANEALLOWCALCIUMPERITONEALDIALYSISSOLUTIONWITHDEXTROSE] [EXTRANEAL]
-0.001874938,21,4.62555,[Malaise],[LETAIRIS] [TYVASO]
-0.00196774,14,13.5922,[Dyspnoea],[LETAIRIS] [VELETRI]
-0.002017504,12,2.67857,[Neoplasmmalignant],[SOLOSTAR] [LANTUSSOLOSTAR]
-0.002026467,31,4.12783,[Malaise],[LETAIRIS] [ADCIRCA]
-0.002070063,17,13.9344,[Dyspnoea],[LETAIRIS] [ORENITRAM]
-0.002096364,10,1.82815,[Pyrexia],[REVLIMID] [DEXAMETHASONE]
-0.002124915,14,2.36088,[Oedemaperipheral],[REVATIO] [LETAIRIS]
-0.002222651,11,2.94118,[Drugdoseomission],[REMODULIN] [LETAIRIS]
-0.002247547,10,3.80228,[Malaise],[ADCIRCA] [TYVASO]
-0.00227403,13,8.55263,[Myocardialinfarction],[ASPIRIN] [RAMIPRIL]
-0.002360264,10,1.79211,[Gastrointestinalhaemorrhage] [Multipleinjuries],[PLAVIX] [ASPIRIN]
-0.002764294,23,3.06258,[Fatigue],[LETAIRIS] [ADCIRCA]
-0.002767439,10,5.58659,[Neutropenia],[COPEGUS] [PEGASYS]
-0.003087591,24,9.12548,[Death],[ADCIRCA] [TYVASO]
-0.003178508,14,6.19469,[Myalgia],[OMEPRAZOLE] [SIMVASTATIN]
-0.003432722,11,12.6437,[Type2diabetesmellitus],[PLAVIX] [LIPITOR]
-0.003551023,14,2.50896,[Multipleinjuries],[PLAVIX] [ASPIRIN]
-0.003807488,18,3.96476,[Fluidretention],[LETAIRIS] [TYVASO]
-0.003851494,13,9.42029,[Offlabeluse],[RIBAVIRIN] [SIMEPREVIR]
-0.003893015,13,4.0625,[Myalgia],[ASPIRIN] [SIMVASTATIN]
-0.003911869,31,4.12783,[Pneumonia],[LETAIRIS] [ADCIRCA]
-0.003916392,12,7.31707,[Myocardialinfarction],[ASPIRIN] [AMLODIPINE]
-0.0039518,16,4.27807,[Fluidretention],[REMODULIN] [LETAIRIS]
-0.004039908,12,10.084,[Cerebrovascularaccident],[ATENOLOL] [AVANDIA]
-0.004401734,10,5.46448,[Pyrexia],[RIBAVIRIN] [PEGASYS]
-0.004483748,97,12.9161,[Dyspnoea],[LETAIRIS] [ADCIRCA]
-0.004497126,13,2.86344,[Oedemaperipheral],[LETAIRIS] [TYVASO]
-0.004623598,20,6.25,[Fatigue],[ASPIRIN] [SIMVASTATIN]
-0.004827026,15,8.37989,[Whitebloodcellcountdecreased],[COPEGUS] [PEGASYS]
-0.004839522,10,13.3333,[Rash],[PEGASYS] [INCIVO]
-0.005032387,12,11.8812,[Offlabeluse],[SOFOSBUVIR] [RIBAVIRIN]
-0.005390893,13,28.8889,[Pain] [Anxiety] [Economicproblem],[ANDROGEL] [TESTIM]
-0.005510439,11,7.85714,[Death],[REVATIO] [COUMADIN]
-0.005610252,10,4.83092,[Pneumonia],[REMODULIN] [REVATIO]
-0.005869708,23,15.1316,[Cardiacfailurecongestive],[LOPRESSOR] [AVANDIA]
-0.006129413,22,9.20502,[Cerebrovascularaccident],[LASIX] [AVANDIA]
-0.006658215,33,12.1324,[Drugineffective],[OLYSIO] [SOVALDI]
-0.006697248,10,2.6738,[Dizziness],[REMODULIN] [LETAIRIS]
-0.006782915,14,1.63361,[Atrialfibrillation],[ASPIRIN] [AVANDIA]
-0.006972218,11,2.94118,[Malaise],[REMODULIN] [LETAIRIS]
-0.007328081,17,2.83333,[Infection],[DIANEALLOWCALCIUMPERITONEALDIALYSISSOLUTIONWITHDEXTROSE] [EXTRANEAL]
-0.007563684,29,4.83333,[Pneumonia],[DIANEALLOWCALCIUMPERITONEALDIALYSISSOLUTIONWITHDEXTROSE] [EXTRANEAL]
-0.008044554,14,20.8955,[Anaemia],[PEGASYS] [VICTRELIS]
-0.008169767,10,7.04225,[Rash],[RIBAVIRIN] [PEGINTERFERONALFA2A]
-0.008358606,16,8.74317,[Rash],[RIBAVIRIN] [PEGASYS]
-0.008755691,62,13.6564,[Dyspnoea],[LETAIRIS] [TYVASO]
-0.00901864,28,12.7273,[Dyspnoea],[REMODULIN] [ADCIRCA]
-0.009488536,10,4.69484,[Myocardialinfarction] [Cardiacfailurecongestive],[NITROGLYCERIN] [AVANDIA]
-0.009833514,16,2.69815,[Malaise],[REVATIO] [LETAIRIS]
-0.010166649,17,6.25,[Nausea],[OLYSIO] [SOVALDI]
-0.010439044,105,17.4129,[Cerebrovascularaccident],[AVANDAMET] [AVANDIA]
-0.010464308,15,2.68817,[Death],[PLAVIX] [ASPIRIN]
-0.01125148,20,9.34579,[Cerebrovascularaccident],[METOPROLOL] [AVANDIA]
-0.011893973,19,9.35961,[Dyspnoea],[SILDENAFIL] [TRACLEER]
-0.011937217,16,8.29016,[Death],[VELCADE] [DEXAMETHASONE]
-0.012190105,16,18.1818,[Anaemia],[RIBAVIRIN] [INCIVO]
-0.013420146,14,5.14706,[Fatigue],[OLYSIO] [SOVALDI]
-0.013508191,15,11.3636,[Cerebrovascularaccident],[COREG] [AVANDIA]
-0.015049692,10,9.90099,[Anaemia],[SOFOSBUVIR] [RIBAVIRIN]
-0.01526783,10,9.34579,[Whitebloodcellcountdecreased],[PEGINTRON] [REBETOL]
-0.015352231,11,5.94595,[Myocardialinfarction],[ASPIRIN] [ATORVASTATIN]
-0.016990723,21,11.1702,[Cerebrovascularaccident],[TOPROLXL] [AVANDIA]
-0.017348237,11,24.4444,[Myocardialinfarction] [Economicproblem],[ANDROGEL] [TESTIM]
-0.017374504,14,7.95455,[Death],[TRACLEER] [COUMADIN]
-0.01832528,10,4.65116,[Anaemia],[RIBAVIRIN] [SOVALDI]
-0.018878636,13,44.8276,[Pain],[ANDRODERM] [ANDROGEL]
-0.019284775,15,9.86842,[Cerebrovascularaccident],[LOPRESSOR] [AVANDIA]
-0.019603314,11,9.64912,[Dyspnoea],[LETAIRIS] [SILDENAFIL]
-0.019720926,15,14.0187,[Plateletcountdecreased],[PEGINTRON] [REBETOL]
-0.020975646,29,15.847,[Anaemia],[RIBAVIRIN] [PEGASYS]
-0.021542747,25,11.7371,[Cardiacfailurecongestive],[NITROGLYCERIN] [AVANDIA]
-0.021620101,23,6.14973,[Death],[REMODULIN] [LETAIRIS]
-0.021821588,36,6.07083,[Death],[REVATIO] [LETAIRIS]
-0.024167442,12,41.3793,[Pain],[ANDROGEL] [AXIRON]
-0.025204994,13,5.90909,[Death],[REMODULIN] [ADCIRCA]
-0.025371782,27,5.94714,[Death],[LETAIRIS] [TYVASO]
-0.025505718,36,42.8571,[Myocardialinfarction],[AVANDARYL] [AVANDIA]
-0.026164195,256,42.4544,[Myocardialinfarction],[AVANDAMET] [AVANDIA]
-0.026215279,21,9.85916,[Cerebrovascularaccident],[NITROGLYCERIN] [AVANDIA]
-0.026347174,12,18.1818,[Anaemia],[SOVRIAD] [PEGASYS]
-0.027429646,12,15.7895,[Death],[LETAIRIS] [VENTAVIS]
-0.027441666,54,9.87203,[Death],[REVLIMID] [DEXAMETHASONE]
-0.028749188,31,4.12783,[Death],[LETAIRIS] [ADCIRCA]
-0.029111541,15,8.28729,[Death],[REVATIO] [TYVASO]
-0.033390869,15,33.3333,[Pain] [Anxiety],[ANDROGEL] [TESTIM]
-0.036210746,15,7.24638,[Death],[REMODULIN] [REVATIO]
-0.037547851,16,35.5556,[Anxiety],[ANDROGEL] [TESTIM]
-0.044743532,15,18.9873,[Death],[MEKINIST] [TAFINLAR]
-0.046322339,20,18.6916,[Anaemia],[PEGINTRON] [REBETOL]
-0.073832503,12,26.6667,[Myocardialinfarction],[ANDROGEL] [TESTIM]
